labels_ALL,Service sector,SPLG,SPLG_Description,Universitasspital Zurich,Kantonsspital Winterthur,Stadtspital Triemli,Klinik Hirslanden,See-Spital Standort Horgen,See-Spital Standort Kilchberg,Spital Uster,Spital Limmattal,Spital Bulach,Spital Zollikerberg,GZO AG Spital Wetzikon,Stadtspital Waid,Schulthess Klinik,Kinderspital Zurich,Spital Manedorf,Universitatsklinik Balgrist,Spital Affoltern,Paracelsus-Spital Richterswil,Limmatklinik,Klinik Lengg,Uroviva Klinik fur Urologie,Adus Medica,Klinik Susenberg,Sune-Egge,Klinik Im Park,Privatklinik Bethanien,Klinik Pyramide am See,"Klinik Pyramide 
Schwerzenbach",Klinik Lindberg,Klinik Tiefenbrunnen,Eulachklinik,"Schweizerisches 
Epilepsie-Zentrum",Spitaler Schaffhausen
2020,basic package,BP,Basic Package,9485,10393,8246,3467,3347,336,4536,4848,4581,3215,4667,5260,396,3894,3720,699,2086,353,144,9,223,104,155,116,1103,545,371,,333,62,,,
2020,dermatology,DER1,Dermatology (including sexually transmitted diseases),239,37,24,10,7,1,11,8,6,14,7,6,0,49,8,2,3,0,0,0,0,0,0,3,3,1,3,,2,0,,,
2020,dermatology,DER1.1,Dermatological Oncology,338,14,9,3,0,0,0,0,0,0,0,0,0,0,0,0,0,0,0,0,0,0,0,0,11,2,3,,0,0,,,
2020,dermatology,DER1.2,Severe skin diseases,13,3,0,0,0,0,0,0,0,0,0,0,0,5,0,0,0,0,0,0,0,0,0,0,0,0,0,,0,0,,,
2020,dermatology,DER2,wound patients,34,15,11,3,4,1,3,13,7,6,3,6,0,6,2,3,2,0,0,0,0,0,0,6,4,1,1,,2,0,,,
2020,"ear, nose and throat",HNO1,"Ear, nose and throat (ENT surgery)",659,140,15,52,40,34,60,73,83,8,62,40,0,208,44,0,21,2,182,0,0,25,0,0,11,21,31,,6,0,,,
2020,"ear, nose and throat",HNO1.1,neck and facial surgery,606,174,7,53,12,0,2,26,29,1,14,50,0,169,9,0,0,2,145,0,0,4,0,0,13,43,31,,3,0,,,
2020,"ear, nose and throat",HNO1.1.1,Complex neck procedures (interdisciplinary tumor surgery),62,8,0,1,0,0,0,1,0,0,0,0,0,0,0,0,0,0,2,0,0,0,0,0,0,3,0,,0,0,,,
2020,"ear, nose and throat",HNO1.2,Advanced nasal surgery with sinuses,439,88,2,246,107,50,141,62,76,15,90,55,0,5,76,0,26,5,600,0,0,54,0,0,21,9,96,,33,4,,,
2020,"ear, nose and throat",HNO1.2.1,"Advanced nasal surgery, paranasal sinuses with dura opening (interdisciplinary skull base surgery)",4,0,0,61,0,0,0,0,0,0,0,0,0,0,0,0,0,0,0,0,0,0,0,0,0,0,0,,0,0,,,
2020,"ear, nose and throat",HNO1.3,"Middle ear surgery (tympanoplasty, mastoid surgery, osiculoplasty including stapes operations)",398,2,0,5,0,0,0,0,0,10,0,0,0,4,2,0,0,0,0,0,0,0,0,0,0,18,3,,0,0,,,
2020,"ear, nose and throat",HNO1.3.1,Advanced ear surgery with inner ear and/or dura opening,3,0,0,6,0,0,0,0,0,0,0,0,0,0,0,0,0,0,0,0,0,0,0,0,0,0,0,,0,0,,,
2020,"ear, nose and throat",HNO1.3.2,cochlear implants (IVHSM),62,0,0,0,0,0,0,0,0,0,0,0,0,7,0,0,0,0,0,0,0,0,0,0,0,2,0,,0,0,,,
2020,"ear, nose and throat",HNO2,thyroid and parathyroid surgery,154,194,168,214,0,20,15,48,68,51,30,2,0,0,11,0,0,0,0,0,0,0,0,0,7,40,22,,0,0,,,
2020,Oral surgery,KIE1,jaw surgery,336,94,3,2,1,0,2,1,1,0,1,1,0,21,1,0,1,1,64,0,0,0,1,2,8,3,16,,1,0,,,
2020,neurosurgery,NCH1,Cranial Neurosurgery,701,152,0,278,1,0,0,0,0,0,1,0,1,135,0,0,0,1,37,0,0,0,0,0,4,4,1,,0,0,,,
2020,neurosurgery,NCH1.1,Specialized Neurosurgery,82,17,5,38,0,0,0,0,0,0,0,0,0,12,0,0,0,0,0,0,0,0,0,0,0,0,0,,0,0,,,
2020,neurosurgery,NCH1.1.1,Treatments of vascular diseases of the CNS without the complex vascular anomalies (IVHSM),235,1,0,105,0,0,0,0,0,0,0,0,0,4,0,1,0,0,0,0,0,0,0,0,0,0,0,,0,0,,,
2020,neurosurgery,NCH1.1.1.1,Treatments of complex vascular anomalies of the central nervous system (IVHSM),44,0,0,17,0,0,0,0,0,0,0,0,0,32,0,0,0,0,0,0,0,0,0,0,0,0,0,,0,0,,,
2020,neurosurgery,NCH1.1.2,Functional Neurosurgery (IVHSM),59,0,0,0,0,0,0,0,0,0,0,0,0,0,0,0,0,0,0,0,0,0,0,0,0,0,0,,0,0,,,
2020,neurosurgery,NCH1.1.3,Surgical Treatment of Refractory Epilepsy (IVHSM),15,0,0,1,0,0,0,0,0,0,0,0,0,2,0,0,0,0,0,0,0,0,0,0,0,0,0,,0,0,,,
2020,neurosurgery,NCH2,spinal neurosurgery,6,1,0,1,0,0,0,0,0,0,0,0,5,1,0,2,0,0,0,0,0,0,0,0,2,0,0,,0,0,,,
2020,neurosurgery,NCH2.1,Treatment of Rare Spinal Cord Tumors (IVHSM),4,0,0,1,0,0,0,0,0,0,0,0,1,0,0,0,0,0,0,0,0,0,0,0,0,0,0,,0,0,,,
2020,neurosurgery,NCH3,Peripheral Neurosurgery,8,2,0,5,0,0,2,0,0,0,0,0,0,1,0,4,0,0,0,0,0,0,0,0,0,3,25,,0,0,,,
2020,neurology,NEU1,neurology,190,106,69,85,21,0,55,50,24,29,71,28,0,107,27,0,8,0,0,57,0,0,1,0,1,0,0,,1,0,,,
2020,neurology,NEU2,Secondary Malignant Neoplasm of the Nervous System,39,19,22,11,3,0,8,9,6,4,14,12,0,1,11,1,1,0,0,0,0,0,0,0,0,0,0,,1,0,,,
2020,neurology,NEU2.1,Primary neoplasm of the CNS (excluding palliative patients),63,15,5,22,5,0,3,3,7,3,8,3,0,53,1,0,8,1,0,0,0,0,2,0,0,0,0,,0,0,,,
2020,neurology,NEU3,Cerebrovascular disorders,816,479,464,454,86,0,136,217,105,54,150,132,0,42,93,0,36,5,0,0,0,0,1,0,20,0,0,,1,0,,,
2020,neurology,NEU3.1,Complex Treatment of Strokes (IVHSM),114,0,0,51,0,0,0,0,0,0,0,0,0,0,0,0,0,0,0,0,0,0,0,0,0,0,0,,0,0,,,
2020,neurology,NEU4,Epileptology: Complex Diagnostics,44,0,0,30,0,0,0,0,0,0,0,0,0,7,0,0,0,0,0,329,0,0,0,0,0,0,0,,0,0,,,
2020,neurology,NEU4.1,Epileptology: Complex Treatment,44,0,0,0,0,0,0,0,0,0,0,0,0,2,0,0,0,0,0,83,0,0,0,0,0,0,0,,0,0,,,
2020,neurology,NEU4.2,Presurgical Epilepsy Diagnostics (Phase I),71,0,0,0,0,0,0,0,0,0,0,0,0,134,0,0,0,0,0,392,0,0,0,0,0,0,0,,0,0,,,
2020,Ophthalmologie,AUG1,Ophthalmologie,152,100,40,2,0,0,1,0,0,1,0,0,0,3,0,0,0,0,0,0,0,0,0,0,15,0,5,,0,1,,,
2020,Ophthalmologie,AUG1.1,strabology,55,0,3,0,0,0,0,0,0,0,0,0,0,0,0,0,0,0,19,0,0,0,0,0,0,0,0,,0,0,,,
2020,Ophthalmologie,AUG1.2,"orbit, eyelids, tear ducts",46,9,6,5,0,3,0,2,0,1,0,0,0,1,0,0,0,1,2,0,0,0,0,0,6,0,25,,1,13,,,
2020,Ophthalmologie,AUG1.3,Specialized anterior segment surgery (including glaucoma),116,150,126,0,0,0,0,0,0,0,0,0,0,0,0,0,0,0,44,0,0,0,0,0,77,0,10,,0,0,,,
2020,Ophthalmologie,AUG1.4,cataract,98,467,271,110,0,0,0,0,0,0,0,0,0,0,0,0,0,0,4,0,0,0,0,0,35,0,36,,0,0,,,
2020,Ophthalmologie,AUG1.5,vitreous and retinal problems,958,147,368,1,0,0,0,0,0,0,0,0,0,0,0,0,0,0,54,0,0,0,0,0,31,0,1,,0,0,,,
2020,endocrinology,END1,endocrinology,213,185,77,47,33,0,112,88,54,22,112,137,1,103,43,9,21,0,0,0,0,0,1,2,5,0,0,,2,0,,,
2020,gastroenterology,GAE1,gastroenterology,779,770,588,561,212,0,455,393,391,201,276,449,0,113,283,1,70,46,0,0,0,0,0,0,144,16,0,,3,0,,,
2020,gastroenterology,GAE1.1,Specialized Gastroenterology,194,164,131,129,21,0,45,89,77,38,160,83,0,2,62,0,4,3,0,0,0,0,0,0,49,9,0,,2,0,,,
2020,visceral surgery,VIS1,visceral surgery,632,561,380,497,94,5,85,223,149,74,147,127,0,126,128,0,5,1,3,0,2,1,0,0,113,73,41,,15,0,,,
2020,visceral surgery,VIS1.1,pancreatectomy in adults (IVHSM),58,56,55,50,0,0,0,0,0,0,0,0,0,0,1,0,0,0,0,0,0,0,0,0,2,0,0,,0,0,,,
2020,visceral surgery,VIS1.2,liver resection in adults (IVHSM),87,63,26,24,0,0,0,1,0,0,0,0,0,2,0,0,0,0,0,0,0,0,0,0,7,1,0,,0,0,,,
2020,visceral surgery,VIS1.3,esophagectomy in adults (IVHSM),31,20,17,50,0,0,0,0,0,0,0,0,0,7,0,0,0,0,0,0,0,0,0,0,0,1,0,,0,0,,,
2020,visceral surgery,VIS1.4,Bariatric surgery,66,0,40,83,0,0,0,159,0,0,111,0,0,0,123,0,0,0,0,0,0,0,0,0,0,0,0,,3,0,,,
2020,visceral surgery,VIS1.4.1,Komplexe bariatrische Chirurgie (IVHSM),36,0,0,43,2,0,0,81,0,0,11,0,0,0,0,0,0,0,0,0,0,0,0,0,0,0,3,,1,0,,,
2020,visceral surgery,VIS1.5,Deep Rectal Resection in Adults (IVHSM),32,33,15,37,0,0,10,9,0,0,0,1,0,2,0,0,0,0,0,0,0,0,0,0,4,7,0,,0,0,,,
2020,hematology,HAE1,Aggressive Lymphome und akute Leuk?ien,234,41,18,17,7,0,12,9,5,2,11,12,0,255,3,0,4,2,0,0,0,0,1,0,1,0,1,,1,0,,,
2020,hematology,HAE1.1,Highly aggressive lymphomas and acute leukemias,119,0,2,7,0,0,0,0,0,0,0,0,0,12,0,0,0,0,0,0,0,0,0,0,0,0,0,,0,0,,,
2020,hematology,HAE2,Indolent lymphomas and chronic leukemias,610,229,101,182,17,0,87,50,53,27,58,98,0,15,39,3,25,20,0,0,1,0,1,0,27,5,0,,4,0,,,
2020,hematology,HAE3,Myelodysplastische Syndrome,50,33,17,23,12,0,11,9,12,2,9,22,0,18,8,0,14,10,0,0,0,0,3,0,8,0,0,,0,0,,,
2020,hematology,HAE4,Autologous blood stem cell transplantation,101,0,11,33,0,0,0,0,0,0,0,0,0,4,0,0,0,0,0,0,0,0,0,0,0,0,0,,0,0,,,
2020,hematology,HAE5,Allogeneic hematopoietic stem cell transplantation in adults (IVHSM),84,0,0,0,0,0,0,0,0,0,0,0,0,32,0,0,0,0,0,0,0,0,0,0,0,0,0,,0,0,,,
2020,vessels,GEF1,vascular surgery peripheral vessels (arterial),87,114,76,105,0,0,2,29,0,1,0,5,0,4,0,3,0,0,0,0,0,0,0,0,22,7,0,,1,0,,,
2020,Angiology,ANG1,interventions peripheral vessels (arterial),417,211,91,125,12,0,2,33,23,3,0,52,0,3,2,2,0,0,0,0,0,0,1,0,139,38,0,,0,0,,,
2020,vessels,GEFA,Interventions and vascular surgery intra-abdominal vessels,638,298,126,291,1,0,0,4,1,0,1,20,0,34,1,0,0,0,0,0,0,0,0,0,60,33,0,,0,0,,,
2020,vessels,GEF3,vascular surgery carotid,91,38,36,73,0,0,0,7,0,2,0,0,0,0,0,1,0,0,0,0,0,0,0,0,9,6,1,,0,0,,,
2020,Angiology,ANG3,Interventions carotid and extracranial vessels,69,25,7,45,0,0,0,0,0,0,0,0,0,0,0,0,0,0,0,0,0,0,0,0,3,0,0,,0,0,,,
2020,Radiology,RAD1,Interventional Radiology,103,27,25,145,7,0,3,8,0,1,0,7,0,6,3,0,0,0,0,0,0,0,0,0,11,0,15,,0,0,,,
2020,Heart,HER1,Simple heart surgery,23,2,16,19,0,0,0,0,0,0,0,0,0,3,0,0,0,0,0,0,0,0,0,0,5,1,0,,0,0,,,
2020,Heart,HER1.1,Cardiac surgery and vascular interventions with heart-lung machine,70,0,27,11,0,0,0,0,1,0,1,0,0,45,0,0,0,0,0,0,0,0,0,0,6,0,0,,0,0,,,
2020,Heart,HER1.1.1,coronary artery surgery (CABG),198,0,239,236,0,0,0,0,0,0,0,0,0,0,0,0,0,0,0,0,0,0,0,0,44,0,0,,0,0,,,
2020,Heart,HER1.1.2,Complex Congenital Cardiac Surgery/Cardiology (including surgery as a child),0,0,0,0,0,0,0,0,0,0,0,0,0,38,0,0,0,0,0,0,0,0,0,0,0,0,0,,0,0,,,
2020,Heart,HER1.1.3,Surgery and Interventions on the Thoracic Aorta,45,0,21,14,0,0,0,0,0,0,0,0,0,91,0,0,0,0,0,0,0,0,0,0,7,0,0,,0,0,,,
2020,Heart,HER1.1.4,Open surgery on the aortic valve,142,0,147,173,0,0,0,0,0,0,0,0,0,3,0,0,0,0,0,0,0,0,0,0,34,0,0,,0,0,,,
2020,Heart,HER1.1.5,Open interventions on the mitral valve,97,0,106,139,0,0,0,0,0,0,0,0,0,10,0,0,0,0,0,0,0,0,0,0,23,0,0,,0,0,,,
2020,Cardiology,KAR1,Cardiology and Devices,236,107,193,146,0,0,28,54,17,26,39,64,0,7,11,0,0,1,0,0,0,0,0,0,82,6,0,,0,0,,,
2020,Cardiology,KAR1.1,Interventional Cardiology (Coronary Procedures),1581,786,1807,1380,3,0,32,5,2,7,50,7,0,30,18,0,0,4,0,0,0,0,0,0,484,134,0,,0,0,,,
2020,Cardiology,KAR1.1.1,Interventional Cardiology (Special Procedures),632,11,208,280,1,0,0,0,0,0,0,0,0,78,0,1,0,0,0,0,0,0,0,0,164,0,0,,0,0,,,
2020,Cardiology,KAR1.2,Electrophysiology (Ablation),373,101,248,337,1,0,0,0,0,0,114,0,0,42,0,0,0,0,0,0,0,0,0,0,402,4,0,,0,0,,,
2020,Cardiology,KAR1.3,Implantable Cardioverter Defibrillator / CRT,213,24,79,65,0,0,0,0,0,0,26,2,0,2,0,0,0,0,0,0,0,0,0,0,38,3,0,,0,0,,,
2020,Nephrologie,NEP1,nephrology (kidney failure),219,82,62,15,18,0,9,28,4,62,42,84,0,10,18,1,0,0,0,0,0,0,0,0,31,1,0,,0,0,,,
2020,urology,URO1,Urology without specialization 'Operative Urology',1194,1111,883,941,175,443,616,539,97,250,469,353,0,177,512,34,133,119,0,0,867,3,0,0,210,234,11,,89,0,,,
2020,urology,URO1.1,Urology with a focus on 'Operative Urology',173,144,110,122,5,11,24,105,8,134,56,23,0,127,54,1,0,6,0,0,167,0,0,0,11,36,8,,17,0,,,
2020,urology,URO1.1.1,Radical prostatectomy,67,99,84,261,1,10,27,24,0,0,0,0,0,0,75,0,0,0,0,0,90,0,0,0,9,22,0,,0,0,,,
2020,urology,URO1.1.2,Radical and simple cystectomy (IVHSM),25,27,9,31,0,0,0,1,0,0,0,0,0,2,11,0,0,0,0,0,0,0,0,0,2,1,0,,0,0,,,
2020,urology,URO1.1.3,Complex kidney surgery (tumor nephrectomy and partial kidney dissection),50,42,20,29,0,0,2,22,0,0,0,0,0,6,24,0,0,0,0,0,0,0,0,0,1,1,0,,0,0,,,
2020,urology,URO1.1.4,Isolated adrenalectomy,11,15,7,13,0,0,2,4,2,0,0,0,0,2,6,0,0,0,0,0,0,0,0,0,2,1,0,,0,0,,,
2020,urology,URO1.1.7,Implantation of an artificial bladder sphincter,29,10,0,19,0,0,0,0,0,0,0,0,0,0,0,0,0,0,0,0,7,0,0,0,0,1,0,,0,0,,,
2020,urology,URO1.1.8,Percutaneous nephrostomy with disintegration of stone material,13,8,18,4,0,0,0,2,0,4,1,0,0,3,1,0,0,0,0,0,11,0,0,0,0,0,0,,0,0,,,
2020,Pneumologie,PNE1,Pneumologie,567,263,234,68,64,0,169,124,158,40,114,178,0,105,69,1,5,1,0,0,0,0,3,3,66,11,0,,4,0,,,
2020,Pneumologie,PNE1.1,Pneumology with specific ventilation therapy,16,5,3,0,0,0,0,1,1,0,1,0,0,1,1,0,0,0,0,0,0,0,0,0,0,0,0,,0,0,,,
2020,Pneumologie,PNE1.2,Assessment or status after lung transplantation,544,0,0,0,0,0,0,0,0,0,0,0,0,0,1,0,0,0,0,0,0,0,0,0,0,0,0,,0,0,,,
2020,Pneumologie,PNE1.3,cystic fibrosis,21,5,0,1,0,0,2,1,1,0,2,0,0,17,0,0,0,0,0,0,0,0,0,0,0,0,0,,0,0,,,
2020,Pneumologie,PNE2,Polysomnographie,61,32,0,0,0,0,11,0,3,0,12,0,0,83,1,0,0,0,0,7,0,0,0,0,0,0,0,,0,0,,,
2020,Thoraxchirurgie,THO1,Thoraxchirurgie,90,47,42,32,0,0,0,3,6,4,6,3,1,12,5,0,0,0,0,0,0,0,0,0,4,10,1,,0,0,,,
2020,Thoraxchirurgie,THO1.1,Malignant neoplasms of the respiratory system (curative resection by lobectomy and pneumonectomy),121,86,56,44,0,0,0,0,0,0,0,0,0,1,0,0,0,0,0,0,0,0,0,0,4,10,0,,0,0,,,
2020,Thoraxchirurgie,THO1.2,mediastinal interventions,45,22,8,25,0,0,0,0,0,0,0,0,0,1,0,0,0,0,0,0,0,0,0,0,4,8,0,,0,0,,,
2020,transplants,TPL1,heart transplants (IVHSM),6,0,0,0,0,0,0,0,0,0,0,0,0,2,0,0,0,0,0,0,0,0,0,0,0,0,0,,0,0,,,
2020,transplants,TPL2,lung transplants (IVHSM),24,0,0,0,0,0,0,0,0,0,0,0,0,0,0,0,0,0,0,0,0,0,0,0,0,0,0,,0,0,,,
2020,transplants,TPL3,liver transplants (IVHSM),50,0,0,0,0,0,0,0,0,0,0,0,0,0,0,0,0,0,0,0,0,0,0,0,0,0,0,,0,0,,,
2020,transplants,TPL4,Pankreas- und Inseltransplantationen (IVHSM),8,0,0,0,0,0,0,0,0,0,0,0,0,0,0,0,0,0,0,0,0,0,0,0,0,0,0,,0,0,,,
2020,transplants,TPL5,Nierentransplantationen (IVHSM),87,0,0,0,0,0,0,0,0,0,0,0,0,4,0,0,0,0,0,0,0,0,0,0,0,0,0,,0,0,,,
2020,transplants,TPL6,Darmtransplantation,,,,,,,,,,,,,,,,,,,,,,,,,,,,,,,,,
2020,transplants,TPL7,Milztransplantation,,,,,,,,,,,,,,,,,,,,,,,,,,,,,,,,,
2020,musculoskeletal system surgically,BEW1,surgery musculoskeletal system,633,654,381,462,94,127,229,267,169,153,139,227,1180,163,196,1170,35,10,72,0,0,91,3,1,318,135,128,,104,0,,,
2020,musculoskeletal system surgically,BEW2,orthopedics,140,161,96,126,14,77,73,84,39,62,26,109,600,105,68,216,16,6,44,0,0,59,1,8,110,66,53,,24,0,,,
2020,musculoskeletal system surgically,BEW3,hand surgery,162,266,88,53,14,9,30,117,68,16,35,38,130,86,53,104,8,2,29,0,0,4,0,0,58,17,93,,10,0,,,
2020,musculoskeletal system surgically,BEW4,Arthroscopy of the shoulder and elbow,1,34,15,32,0,8,21,11,2,18,5,11,174,0,6,55,4,2,2,0,0,22,0,0,12,25,3,,4,0,,,
2020,musculoskeletal system surgically,BEW5,arthroscopy of the knee,78,188,60,644,35,147,94,84,94,21,41,160,553,15,60,422,24,15,11,0,0,84,0,0,95,258,83,,157,0,,,
2020,musculoskeletal system surgically,BEW6,upper extremity reconstruction,9,272,86,215,29,272,274,185,89,106,80,59,1034,1,124,556,16,8,29,0,0,184,0,0,55,233,16,,43,0,,,
2020,musculoskeletal system surgically,BEW7,lower extremity reconstruction,2,97,40,64,1,8,16,14,3,1,11,7,130,18,2,162,0,36,1,0,0,21,0,0,10,48,17,,15,0,,,
2020,musculoskeletal system surgically,BEW7.1,first hip prosthesis,47,439,125,253,19,214,124,143,175,79,169,99,1029,0,109,389,0,0,0,0,0,25,0,0,69,190,13,,46,0,,,
2020,musculoskeletal system surgically,BEW7.1.1,Wechseloperationen H?tprothesen,14,72,21,35,10,6,22,8,9,18,9,10,119,0,8,104,0,0,0,0,0,0,0,0,4,28,0,,2,0,,,
2020,musculoskeletal system surgically,BEW7.2,first knee prosthesis,1,302,176,288,14,271,121,167,141,77,148,0,882,1,113,256,0,0,0,0,0,45,0,0,87,266,49,,119,0,,,
2020,musculoskeletal system surgically,BEW7.2.1,Wechseloperationen Knieprothesen,0,19,2,28,1,4,5,9,1,7,25,0,93,0,6,57,0,0,0,0,0,11,0,0,2,42,15,,12,0,,,
2020,musculoskeletal system surgically,BEW8,spinal surgery,276,475,390,966,82,50,0,0,0,573,0,0,1259,13,59,961,47,0,0,0,0,0,0,0,396,130,13,,113,0,,,
2020,musculoskeletal system surgically,BEW8.1,Specialized spine surgery,46,20,3,68,3,0,0,0,0,112,0,0,71,14,1,111,1,0,0,0,0,0,0,0,26,8,1,,1,0,,,
2020,musculoskeletal system surgically,BEW9,tumors of the musculoskeletal system,6,1,0,0,0,0,0,0,0,1,0,0,2,4,0,17,0,0,0,0,0,0,0,0,0,0,0,,0,0,,,
2020,musculoskeletal system surgically,BEW10,plexus surgery,9,0,0,2,0,0,2,0,0,0,0,0,3,0,0,19,0,0,0,0,0,0,0,0,0,3,8,,0,0,,,
2020,musculoskeletal system surgically,BEW11,Replantationen,6,0,0,0,0,0,0,0,0,0,0,0,0,0,0,0,0,0,0,0,0,0,0,0,0,0,0,,0,0,,,
2020,rheumatology,RHE1,rheumatology,123,88,55,20,21,14,26,28,27,18,29,36,6,20,17,38,8,0,0,0,0,0,1,1,4,1,0,,5,0,,,
2020,rheumatology,RHE2,Interdisciplinary Rheumatology,164,27,5,2,3,0,4,4,5,4,1,2,0,8,3,1,0,0,0,0,0,0,0,0,3,1,0,,0,0,,,
2020,gynecology,GYN1,gynecology,970,438,501,411,216,148,150,324,192,251,328,4,0,38,179,0,0,36,0,0,13,0,0,0,222,157,81,,20,0,,,
2020,gynecology,GYNT,Gynecological tumors,97,52,48,55,2,2,2,34,19,23,26,0,0,1,0,0,0,1,0,0,0,0,0,0,16,5,5,,1,0,,,
2020,gynecology,GYN2,Recognized certified breast center,170,169,119,414,10,67,1,59,75,76,86,0,0,0,76,0,0,0,0,0,0,0,0,0,82,83,104,,10,0,,,
2020,Procedures Related to Transsexuality,PLC1,Interventions related to transsexuality,36,0,0,0,0,0,0,0,0,0,0,0,0,0,0,0,0,0,40,0,0,0,0,0,0,0,0,,0,0,,,
2020,obstetrics,GEB1,Basic obstetric care (from 34 weeks of pregnancy and >= 2000g),2986,1937,2579,923,786,0,900,1202,1468,2477,932,2,0,0,634,0,1,402,0,0,0,0,0,0,505,526,1,,0,0,,,
2020,obstetrics,GEB1.1,Obstetrics (from 32 weeks of pregnancy and >= 1250g),163,39,10,1,0,0,1,2,4,9,2,0,0,0,0,0,0,4,0,0,0,0,0,0,0,0,0,,0,0,,,
2020,obstetrics,GEB1.1.1,Specialized Obstetrics,120,6,4,0,0,0,0,2,0,1,5,0,0,0,0,0,0,1,0,0,0,0,0,0,0,0,0,,0,0,,,
2020,newborns,NEO1,Basic care for newborns (from GA 35 0/7 weeks of pregnancy and GG 2000g),1973,1451,2073,889,681,0,775,1062,1301,2013,786,0,0,24,557,0,0,360,0,0,0,0,0,0,475,474,0,,0,0,,,
2020,newborns,NEO1.1,Neonatology (from GA 32 0/7 weeks of pregnancy and GG 1250g),420,376,280,4,7,0,6,6,80,374,10,0,0,103,1,0,0,1,0,0,0,0,0,0,3,29,0,,0,0,,,
2020,newborns,NEO1.1.1,Specialized Neonatology (from GA 28 0/7 weeks of pregnancy and GG 1000g) valid from 01.10.2024,313,28,12,1,0,0,0,1,12,7,1,0,0,122,0,0,0,0,0,0,0,0,0,0,0,0,0,,0,0,,,
2020,newborns,NEO1.1.1.1,Highly specialized neonatology (GA < 28 0/7 weeks of pregnancy and GG < 1000g),79,7,1,0,0,0,0,2,0,0,3,0,0,0,0,0,0,0,0,0,0,0,0,0,0,0,0,,0,0,,,
2020,(radio) oncology,ONK1,oncology,249,124,71,27,5,0,10,41,6,0,15,26,0,121,8,0,3,14,0,0,0,0,1,0,24,16,0,,0,0,,,
2020,Radio-Oncology,RAO1,radiation oncology,273,179,237,103,0,0,3,2,0,7,3,0,0,4,22,0,0,1,0,0,20,0,0,0,4,0,0,,0,0,,,
2020,Nuclear Medicine,NUK1,nuclear medicine,170,75,118,29,0,0,0,0,0,0,0,0,0,0,0,0,0,0,0,0,0,0,0,0,0,0,0,,0,0,,,
2020,Serious injuries,UNF1,trauma surgery (polytrauma),149,32,13,2,4,0,4,7,6,3,7,5,0,17,2,1,2,0,0,0,0,0,0,1,0,0,0,,0,0,,,
2020,Serious injuries,UNF1.1,Specialized trauma surgery (traumatic brain injury),165,42,19,6,11,0,14,6,15,2,8,17,1,36,0,7,4,0,0,0,0,0,0,1,2,0,0,,1,0,,,
2020,Serious injuries,UNF2,Treatment of Severe Burns in Adults (IVHSM),46,3,1,0,1,0,0,1,0,0,2,0,0,28,0,0,0,0,0,0,0,0,0,0,0,0,0,,0,0,,,
