labels_ALL,Service sector,SPLG,SPLG_Description,Universitasspital Zurich,Kantonsspital Winterthur,Stadtspital Triemli,Klinik Hirslanden,See-Spital Standort Horgen,See-Spital Standort Kilchberg,Spital Uster,Spital Limmattal,Spital Bulach,Spital Zollikerberg,GZO AG Spital Wetzikon,Stadtspital Waid,Schulthess Klinik,Kinderspital Zurich,Spital Manedorf,Universitatsklinik Balgrist,Spital Affoltern,Paracelsus-Spital Richterswil,Limmatklinik,Klinik Lengg,Uroviva Klinik fur Urologie,Adus Medica,Klinik Susenberg,Sune-Egge,Klinik Im Park,Privatklinik Bethanien,Klinik Pyramide am See,"Klinik Pyramide 
Schwerzenbach",Klinik Lindberg,Klinik Tiefenbrunnen,Eulachklinik,"Schweizerisches 
Epilepsie-Zentrum",Spitaler Schaffhausen
2016,basic package,BP,Basic Package,9216,10528,9056,3734,3690,865,4957,5174,4882,3430,4541,6044,393,4309,3434,614,2057,590,368,23,151,274,170,122,1176,566,320,,886,46,1,,4445
2016,dermatology,DER1,Dermatology (including sexually transmitted diseases),238,32,20,11,9,5,8,14,9,4,19,14,2,72,10,0,2,0,3,0,0,0,1,0,5,2,0,,0,0,0,,16
2016,dermatology,DER1.1,Dermatological Oncology,260,20,15,9,0,0,5,0,0,0,2,1,0,0,1,0,0,1,0,0,0,0,0,0,3,1,0,,0,0,0,,2
2016,dermatology,DER1.2,Severe skin diseases,23,1,2,0,0,0,0,0,0,2,0,1,0,7,0,0,0,0,0,0,0,0,0,0,0,0,0,,0,0,0,,1
2016,dermatology,DER2,wound patients,80,15,17,9,7,0,5,13,5,3,7,9,1,0,7,2,6,1,0,0,0,0,0,5,8,1,0,,0,0,0,,7
2016,"ear, nose and throat",HNO1,"Ear, nose and throat (ENT surgery)",843,164,29,102,123,152,159,120,16,22,122,62,0,316,129,0,23,10,34,0,0,369,0,0,20,41,10,,66,0,0,,90
2016,"ear, nose and throat",HNO1.1,neck and facial surgery,803,78,3,46,15,10,8,22,1,0,13,39,0,132,14,0,8,0,136,0,0,18,0,0,9,66,1,,13,0,0,,19
2016,"ear, nose and throat",HNO1.1.1,Complex neck procedures (interdisciplinary tumor surgery),33,11,0,1,1,0,0,0,0,0,0,1,0,1,0,0,0,0,0,0,0,0,0,0,0,0,0,,0,0,0,,0
2016,"ear, nose and throat",HNO1.2,Advanced nasal surgery with sinuses,541,105,0,311,87,82,138,38,0,23,135,62,0,6,82,0,25,14,223,0,0,331,0,0,8,2,41,,18,1,0,,14
2016,"ear, nose and throat",HNO1.2.1,"Advanced nasal surgery, paranasal sinuses with dura opening (interdisciplinary skull base surgery)",14,0,0,64,0,0,0,0,0,0,0,0,0,0,0,0,0,0,0,0,0,0,0,0,0,0,0,,0,0,0,,0
2016,"ear, nose and throat",HNO1.3,"Middle ear surgery (tympanoplasty, mastoid surgery, osiculoplasty including stapes operations)",353,8,0,2,0,4,0,7,0,1,0,0,0,2,1,0,1,0,0,0,0,0,0,0,0,21,1,,1,0,0,,0
2016,"ear, nose and throat",HNO1.3.1,Advanced ear surgery with inner ear and/or dura opening,6,0,0,6,0,0,0,0,0,0,0,0,0,0,0,0,0,0,0,0,0,0,0,0,0,0,0,,0,0,0,,0
2016,"ear, nose and throat",HNO1.3.2,cochlear implants (IVHSM),71,0,0,0,0,0,0,0,0,0,0,0,0,9,0,0,0,0,0,0,0,0,0,0,0,0,0,,0,0,0,,0
2016,"ear, nose and throat",HNO2,thyroid and parathyroid surgery,214,87,99,102,8,12,18,46,100,61,20,51,0,1,16,0,0,0,0,0,0,4,0,0,12,35,7,,0,0,0,,32
2016,Oral surgery,KIE1,jaw surgery,200,106,3,6,2,1,1,0,0,1,0,2,0,43,2,0,4,0,102,0,0,3,0,0,4,2,1,,27,0,0,,2
2016,neurosurgery,NCH1,Cranial Neurosurgery,703,66,1,209,1,0,1,0,0,0,0,0,4,104,0,0,0,0,4,0,0,0,0,0,25,1,0,,0,0,0,,0
2016,neurosurgery,NCH1.1,Specialized Neurosurgery,63,2,0,41,0,0,0,0,0,0,0,0,0,1,0,0,0,0,0,0,0,0,0,0,1,0,0,,0,0,0,,0
2016,neurosurgery,NCH1.1.1,Treatments of vascular diseases of the CNS without the complex vascular anomalies (IVHSM),161,1,0,48,0,0,0,0,0,0,0,1,0,1,0,0,0,0,0,0,0,0,0,0,0,0,0,,0,0,0,,0
2016,neurosurgery,NCH1.1.1.1,Treatments of complex vascular anomalies of the central nervous system (IVHSM),33,0,0,14,0,0,0,0,0,0,0,0,0,23,0,0,0,0,0,0,0,0,0,0,0,0,0,,0,0,0,,0
2016,neurosurgery,NCH1.1.2,Functional Neurosurgery (IVHSM),42,0,0,0,0,0,0,0,0,0,0,0,0,0,0,0,0,0,0,0,0,0,0,0,0,0,0,,0,0,0,,0
2016,neurosurgery,NCH1.1.3,Surgical Treatment of Refractory Epilepsy (IVHSM),16,0,0,0,0,0,0,0,0,0,0,0,0,1,0,0,0,0,0,0,0,0,0,0,0,0,0,,0,0,0,,0
2016,neurosurgery,NCH2,spinal neurosurgery,1,1,1,2,0,0,0,0,0,0,0,0,0,6,0,0,0,0,0,0,0,0,0,0,0,1,0,,0,0,0,,0
2016,neurosurgery,NCH2.1,Treatment of Rare Spinal Cord Tumors (IVHSM),5,0,0,3,0,0,0,0,0,0,0,0,1,0,0,0,0,0,0,0,0,0,0,0,0,0,0,,0,0,0,,0
2016,neurosurgery,NCH3,Peripheral Neurosurgery,17,6,0,2,0,0,2,0,0,0,0,0,1,1,1,1,0,0,2,0,0,0,0,0,2,1,0,,2,0,0,,1
2016,neurology,NEU1,neurology,265,134,72,33,20,0,70,46,40,25,45,46,0,98,32,6,16,1,0,79,0,0,0,1,2,0,0,,0,0,0,,59
2016,neurology,NEU2,Secondary Malignant Neoplasm of the Nervous System,63,25,18,17,4,0,14,13,9,3,10,9,0,1,8,0,2,1,0,0,0,0,0,0,1,0,0,,0,0,0,,8
2016,neurology,NEU2.1,Primary neoplasm of the CNS (excluding palliative patients),77,16,3,7,0,0,9,2,5,5,4,0,0,37,7,0,6,1,0,2,0,0,3,0,4,0,0,,0,0,0,,10
2016,neurology,NEU3,Cerebrovascular disorders,878,407,297,270,65,0,118,144,107,55,165,160,0,51,117,0,27,4,0,0,0,0,2,0,13,2,0,,0,0,0,,122
2016,neurology,NEU3.1,Complex Treatment of Strokes (IVHSM),82,0,0,34,0,0,0,0,0,0,0,0,0,0,0,0,0,0,0,0,0,0,0,0,0,0,0,,0,0,0,,0
2016,neurology,NEU4,Epileptology: Complex Diagnostics,4,0,0,27,0,0,0,0,1,0,0,0,0,57,0,0,0,0,0,363,0,0,0,0,0,0,0,,0,0,0,,0
2016,neurology,NEU4.1,Epileptology: Complex Treatment,34,0,0,0,0,0,0,0,0,0,0,0,0,0,0,0,0,0,0,53,0,0,0,0,0,0,0,,0,0,0,,0
2016,neurology,NEU4.2,Presurgical Epilepsy Diagnostics (Phase I),35,0,0,0,0,0,0,0,0,0,0,0,0,2,0,0,0,0,0,403,0,0,0,0,0,0,0,,0,0,0,,0
2016,Ophthalmologie,AUG1,Ophthalmologie,232,81,30,3,0,1,0,0,2,0,1,1,0,6,0,0,0,0,11,0,0,0,0,0,16,2,0,,2,0,0,,0
2016,Ophthalmologie,AUG1.1,strabology,97,0,0,0,0,0,0,0,0,0,0,0,0,0,0,0,0,0,10,0,0,3,0,0,0,0,0,,0,0,0,,0
2016,Ophthalmologie,AUG1.2,"orbit, eyelids, tear ducts",52,14,0,7,0,1,0,0,0,0,0,0,0,1,1,0,0,0,4,0,0,0,0,0,1,3,1,,12,8,0,,0
2016,Ophthalmologie,AUG1.3,Specialized anterior segment surgery (including glaucoma),174,133,52,0,0,0,0,0,0,0,0,0,0,1,0,0,0,0,30,0,0,0,0,0,67,0,0,,0,0,0,,0
2016,Ophthalmologie,AUG1.4,cataract,92,569,93,140,0,0,0,8,0,37,1,0,0,2,0,0,0,0,23,0,0,5,0,0,68,0,0,,137,0,0,,0
2016,Ophthalmologie,AUG1.5,vitreous and retinal problems,711,66,452,0,1,0,0,0,0,0,0,0,0,0,0,0,0,0,48,0,0,0,0,0,20,0,0,,0,0,0,,0
2016,endocrinology,END1,endocrinology,124,50,65,30,40,0,67,33,46,39,33,48,2,69,26,3,9,0,0,2,0,0,1,1,3,1,0,,0,0,0,,48
2016,gastroenterology,GAE1,gastroenterology,777,587,746,527,245,0,530,392,308,236,353,484,0,92,333,1,117,61,0,0,0,0,0,0,86,20,2,,0,0,0,,239
2016,gastroenterology,GAE1.1,Specialized Gastroenterology,225,154,150,113,23,0,29,82,42,37,91,89,0,1,52,0,15,1,0,0,0,0,0,0,17,12,1,,0,0,0,,37
2016,visceral surgery,VIS1,visceral surgery,554,319,281,335,55,5,56,141,64,33,87,82,0,84,100,0,12,1,0,0,0,5,0,0,66,20,16,,2,0,0,,132
2016,visceral surgery,VIS1.1,pancreatectomy in adults (IVHSM),36,39,42,41,0,0,0,0,0,0,2,0,0,1,1,0,0,0,0,0,0,0,0,0,6,1,0,,0,0,0,,1
2016,visceral surgery,VIS1.2,liver resection in adults (IVHSM),59,43,31,32,0,0,0,0,1,0,1,0,0,0,0,0,0,0,0,0,0,0,0,0,12,0,0,,0,0,0,,1
2016,visceral surgery,VIS1.3,esophagectomy in adults (IVHSM),31,11,14,32,0,0,0,0,0,0,0,1,0,6,0,0,0,0,0,0,0,0,0,0,0,0,0,,0,0,0,,0
2016,visceral surgery,VIS1.4,Bariatric surgery,167,0,27,64,3,0,0,184,2,0,124,20,0,0,110,0,0,0,0,0,0,0,0,0,1,1,2,,1,0,0,,23
2016,visceral surgery,VIS1.4.1,Komplexe bariatrische Chirurgie (IVHSM),23,0,1,129,2,0,1,77,3,0,16,1,0,0,3,0,0,0,0,0,0,0,0,0,1,0,1,,0,0,0,,5
2016,visceral surgery,VIS1.5,Deep Rectal Resection in Adults (IVHSM),26,45,28,22,0,0,10,13,5,1,0,10,0,0,12,0,0,0,0,0,0,0,0,0,4,7,0,,0,0,0,,6
2016,hematology,HAE1,Aggressive Lymphome und akute Leuk?ien,268,34,29,41,5,0,20,7,10,7,9,6,0,204,3,0,4,1,0,0,0,0,2,0,3,0,0,,0,0,0,,9
2016,hematology,HAE1.1,Highly aggressive lymphomas and acute leukemias,78,0,0,7,0,0,0,0,0,0,0,0,0,16,0,0,0,0,0,0,0,0,0,0,4,0,0,,0,0,0,,0
2016,hematology,HAE2,Indolent lymphomas and chronic leukemias,413,139,185,118,38,0,94,42,55,42,39,69,1,35,40,4,25,26,0,0,0,0,1,1,38,9,2,,0,0,0,,38
2016,hematology,HAE3,Myelodysplastische Syndrome,61,21,26,17,5,0,34,9,8,10,7,9,0,3,14,0,7,2,0,0,0,0,0,0,4,4,0,,0,0,0,,23
2016,hematology,HAE4,Autologous blood stem cell transplantation,28,0,8,15,0,0,0,0,0,0,0,0,0,7,0,0,0,0,0,0,0,0,0,0,0,0,0,,0,0,0,,0
2016,hematology,HAE5,Allogeneic hematopoietic stem cell transplantation in adults (IVHSM),12,0,0,0,0,0,0,0,0,0,0,0,0,24,0,0,0,0,0,0,0,0,0,0,0,0,0,,0,0,0,,0
2016,vessels,GEF1,vascular surgery peripheral vessels (arterial),127,171,70,78,5,0,1,35,1,1,0,7,0,3,6,9,1,0,0,0,0,0,0,0,45,17,0,,0,0,0,,25
2016,Angiology,ANG1,interventions peripheral vessels (arterial),525,254,147,104,50,0,1,58,32,5,4,68,0,4,24,0,5,0,0,0,0,0,0,0,63,20,0,,0,0,0,,23
2016,vessels,GEF2,Vascular Surgery of Intra-abdominal Vessels,55,68,52,55,2,0,7,8,4,2,3,3,0,3,3,0,1,0,0,0,0,0,0,0,15,0,0,,0,0,0,,0
2016,Angiology,ANG2,Intra-abdominal Vascular Intervention,284,161,77,192,0,0,0,6,1,1,2,10,0,18,1,0,0,0,0,0,0,0,0,0,54,3,0,,0,0,0,,2
2016,vessels,GEF3,vascular surgery carotid,64,24,38,67,0,1,2,17,1,1,1,1,0,1,0,0,1,0,0,0,0,0,0,0,15,0,0,,0,0,0,,13
2016,Angiology,ANG3,Interventions carotid and extracranial vessels,84,18,18,16,0,0,0,0,0,1,0,0,0,1,0,0,0,0,0,0,0,0,0,0,4,0,0,,0,0,0,,0
2016,Radiology,RAD1,Interventional Radiology,134,24,20,27,2,0,5,14,3,5,62,16,1,4,6,0,0,0,0,0,0,0,0,0,18,2,0,,0,0,0,,4
2016,Heart,HER1,Simple heart surgery,10,4,6,16,0,0,0,0,0,0,0,2,0,0,0,0,0,0,0,0,0,0,0,0,6,0,0,,0,0,0,,0
2016,Heart,HER1.1,Cardiac surgery and vascular interventions with heart-lung machine,100,2,17,15,0,0,0,0,0,0,1,0,0,87,0,0,0,0,0,0,0,0,0,0,6,0,0,,0,0,0,,0
2016,Heart,HER1.1.1,coronary artery surgery (CABG),384,0,231,323,0,0,0,0,0,0,0,0,0,0,0,0,0,0,0,0,0,0,0,0,50,0,0,,0,0,0,,0
2016,Heart,HER1.1.2,Complex Congenital Cardiac Surgery/Cardiology (including surgery as a child),0,0,0,0,0,0,0,0,0,0,0,0,0,39,0,0,0,0,0,0,0,0,0,0,0,0,0,,0,0,0,,0
2016,Heart,HER1.1.3,Surgery and Interventions on the Thoracic Aorta,123,0,13,19,0,0,0,0,0,0,0,0,0,83,0,0,0,0,0,0,0,0,0,0,14,0,0,,0,0,0,,0
2016,Heart,HER1.1.4,Open surgery on the aortic valve,241,0,149,218,0,0,0,0,0,0,0,0,0,10,0,0,0,0,0,0,0,0,0,0,40,0,0,,0,0,0,,0
2016,Heart,HER1.1.5,Open interventions on the mitral valve,150,0,75,171,0,0,0,0,0,0,0,0,0,8,0,0,0,0,0,0,0,0,0,0,39,0,0,,0,0,0,,0
2016,Cardiology,KAR1,Cardiology and Devices,159,115,197,176,28,0,48,26,35,31,28,89,1,5,20,0,0,0,0,0,0,0,0,0,95,0,0,,0,0,0,,21
2016,Cardiology,KAR1.1,Interventional Cardiology (Coronary Procedures),1901,708,2076,1666,14,0,50,29,13,0,100,10,0,59,19,0,2,0,0,0,0,0,0,0,753,0,0,,0,0,0,,16
2016,Cardiology,KAR1.1.1,Interventional Cardiology (Special Procedures),807,80,268,361,0,0,1,1,0,0,64,3,0,89,0,0,0,0,0,0,0,0,0,0,399,0,0,,0,0,0,,0
2016,Cardiology,KAR1.2,Electrophysiology (Ablation),186,34,82,68,0,0,0,0,0,0,27,0,0,37,0,0,0,0,0,0,0,0,0,0,233,0,0,,0,0,0,,0
2016,Cardiology,KAR1.3,Implantable Cardioverter Defibrillator / CRT,164,38,94,64,0,0,0,0,1,0,34,2,0,4,0,0,0,0,0,0,0,0,0,0,44,0,0,,0,0,0,,0
2016,Nephrologie,NEP1,nephrology (kidney failure),282,119,86,26,9,0,33,31,34,79,48,118,0,14,24,1,0,0,0,0,0,0,1,0,27,0,0,,0,0,0,,40
2016,urology,URO1,Urology without specialization 'Operative Urology',1399,1136,981,837,152,525,719,681,127,285,419,362,0,199,430,26,23,113,4,0,681,6,0,0,277,300,96,,5,0,0,,237
2016,urology,URO1.1,Urology with a focus on 'Operative Urology',177,92,80,98,23,39,42,52,7,57,60,30,0,65,19,1,0,23,0,0,98,0,0,0,19,15,4,,9,0,0,,38
2016,urology,URO1.1.1,Radical prostatectomy,98,101,42,212,0,26,56,46,1,0,1,0,0,0,57,0,0,0,0,0,68,0,0,0,10,0,0,,0,0,0,,26
2016,urology,URO1.1.2,Radical and simple cystectomy (IVHSM),46,31,23,24,0,0,0,0,0,0,0,0,0,0,17,0,0,0,0,0,0,0,0,0,1,0,0,,0,0,0,,3
2016,urology,URO1.1.3,Complex kidney surgery (tumor nephrectomy and partial kidney dissection),79,42,58,57,0,0,22,15,0,1,11,2,0,11,44,0,0,0,0,0,5,0,0,0,10,2,1,,0,0,0,,9
2016,urology,URO1.1.4,Isolated adrenalectomy,20,3,5,8,0,0,0,2,1,1,0,0,0,2,3,0,0,0,0,0,0,0,0,0,0,0,0,,1,0,0,,1
2016,urology,URO1.1.5,Plastic Reconstruction of the Pyeloureteral Junction,12,8,12,8,0,0,5,2,0,0,0,0,0,21,5,0,0,0,0,0,6,0,0,0,0,0,0,,0,0,0,,1
2016,urology,URO1.1.6,Plastic Reconstruction of the Urethra,21,20,0,36,0,0,4,0,0,0,1,0,0,65,1,0,0,0,0,0,3,0,0,0,0,0,0,,0,0,0,,0
2016,urology,URO1.1.7,Implantation of an artificial bladder sphincter,29,15,0,8,0,0,0,0,0,0,0,0,0,0,10,0,0,0,0,0,5,0,0,0,0,0,2,,0,0,0,,0
2016,urology,URO1.1.8,Percutaneous nephrostomy with disintegration of stone material,10,13,22,1,0,0,3,0,0,3,1,0,0,1,0,0,0,0,0,0,18,0,0,0,0,0,0,,0,0,0,,0
2016,Pneumologie,PNE1,Pneumologie,819,383,370,145,125,1,277,144,176,107,154,292,2,135,120,4,27,9,0,0,1,0,2,1,71,6,1,,0,0,0,,170
2016,Pneumologie,PNE1.1,Pneumology with specific ventilation therapy,71,5,24,12,1,0,3,0,1,1,7,4,0,6,15,0,1,0,0,0,0,0,0,0,0,0,0,,0,0,0,,0
2016,Pneumologie,PNE1.2,Assessment or status after lung transplantation,457,4,0,1,0,0,0,0,0,0,0,0,0,0,0,0,0,0,0,0,0,0,0,0,0,0,0,,0,0,0,,0
2016,Pneumologie,PNE1.3,cystic fibrosis,64,11,1,0,0,0,0,0,0,0,0,1,0,30,2,0,0,0,0,0,0,0,0,0,0,0,0,,0,0,0,,1
2016,Pneumologie,PNE2,Polysomnographie,71,187,3,0,0,0,1,0,3,1,34,6,0,62,0,0,0,0,0,1,0,0,0,0,0,0,0,,0,0,0,,0
2016,Thoraxchirurgie,THO1,Thoraxchirurgie,56,7,10,20,0,0,0,0,2,0,4,3,0,13,2,0,0,0,0,0,0,0,0,0,7,2,0,,0,0,0,,0
2016,Thoraxchirurgie,THO1.1,Malignant neoplasms of the respiratory system (curative resection by lobectomy and pneumonectomy),128,69,73,48,0,0,0,1,0,0,0,0,0,0,0,0,0,0,0,0,0,0,0,0,5,0,0,,0,0,0,,0
2016,Thoraxchirurgie,THO1.2,mediastinal interventions,47,12,20,15,1,0,0,1,1,0,0,0,0,4,1,0,0,0,0,0,0,0,0,0,5,0,0,,0,0,0,,0
2016,transplants,TPL1,heart transplants (IVHSM),2,0,0,0,0,0,0,0,0,0,0,0,0,2,0,0,0,0,0,0,0,0,0,0,0,0,0,,0,0,0,,0
2016,transplants,TPL2,lung transplants (IVHSM),9,0,0,0,0,0,0,0,0,0,0,0,0,0,0,0,0,0,0,0,0,0,0,0,0,0,0,,0,0,0,,0
2016,transplants,TPL3,liver transplants (IVHSM),12,0,0,0,0,0,0,0,0,0,0,0,0,0,0,0,0,0,0,0,0,0,0,0,0,0,0,,0,0,0,,0
2016,transplants,TPL4,Pankreas- und Inseltransplantationen (IVHSM),1,0,0,0,0,0,0,0,0,0,0,0,0,0,0,0,0,0,0,0,0,0,0,0,0,0,0,,0,0,0,,0
2016,transplants,TPL5,Nierentransplantationen (IVHSM),27,0,0,0,0,0,0,0,0,0,0,0,0,5,0,0,0,0,0,0,0,0,0,0,0,0,0,,0,0,0,,0
2016,transplants,TPL6,Darmtransplantation,0,0,0,0,0,0,0,0,0,0,0,0,0,0,0,0,0,0,0,0,0,0,0,0,0,0,0,,0,0,0,,0
2016,transplants,TPL7,Milztransplantation,0,0,0,0,0,0,0,0,0,0,0,0,0,0,0,0,0,0,0,0,0,0,0,0,0,0,0,,0,0,0,,0
2016,musculoskeletal system surgically,BEW1,surgery musculoskeletal system,627,687,266,681,116,236,237,252,222,181,146,236,1554,222,161,1081,86,58,66,0,0,29,0,0,395,144,129,,75,0,0,,156
2016,musculoskeletal system surgically,BEW2,orthopedics,158,175,47,212,32,179,63,87,53,124,60,69,618,96,50,267,23,33,48,0,0,33,0,2,116,72,33,,104,0,0,,33
2016,musculoskeletal system surgically,BEW3,hand surgery,176,244,32,97,36,24,70,151,48,19,28,24,153,67,40,90,15,3,3,0,2,0,0,0,124,57,17,,51,0,0,,35
2016,musculoskeletal system surgically,BEW4,Arthroscopy of the shoulder and elbow,1,12,5,28,2,6,12,4,7,14,1,10,212,1,16,38,2,26,0,0,0,0,0,0,25,23,8,,0,0,0,,1
2016,musculoskeletal system surgically,BEW5,arthroscopy of the knee,88,187,149,1112,112,616,241,102,139,114,70,94,719,23,90,383,141,118,31,0,0,81,0,0,230,348,204,,18,0,2,,72
2016,musculoskeletal system surgically,BEW6,upper extremity reconstruction,22,300,49,344,19,348,130,117,55,89,90,101,1339,1,119,587,57,117,0,0,0,0,0,0,211,142,67,,88,0,0,,57
2016,musculoskeletal system surgically,BEW7,lower extremity reconstruction,50,1008,138,842,78,631,182,188,377,206,370,107,2093,14,191,790,115,87,0,0,0,1,0,0,197,425,155,,56,0,0,,176
2016,musculoskeletal system surgically,BEW8,spinal surgery,403,649,362,912,80,64,2,3,1,555,0,4,1236,21,39,680,8,1,0,0,0,0,0,0,451,101,104,,15,0,0,,3
2016,musculoskeletal system surgically,BEW8.1,Specialized spine surgery,34,29,1,34,2,2,0,0,0,70,0,0,65,18,0,43,0,0,0,0,0,0,0,0,57,6,6,,8,0,0,,0
2016,musculoskeletal system surgically,BEW9,tumors of the musculoskeletal system,1,1,1,1,0,1,0,0,0,1,0,0,5,3,0,22,0,0,0,0,0,0,0,0,1,0,0,,0,0,0,,0
2016,musculoskeletal system surgically,BEW10,plexus surgery,12,0,0,18,0,4,6,0,1,1,0,0,4,0,0,6,0,0,1,0,0,0,0,0,18,0,5,,3,0,0,,0
2016,musculoskeletal system surgically,BEW11,Replantationen,13,4,0,0,0,0,0,0,0,0,0,0,0,0,0,0,0,0,0,0,0,0,0,0,0,0,0,,0,0,0,,0
2016,rheumatology,RHE1,rheumatology,288,195,180,59,35,17,50,36,56,44,48,61,76,32,36,90,16,4,2,0,0,2,0,1,14,11,14,,82,0,0,,49
2016,rheumatology,RHE2,Interdisciplinary Rheumatology,95,15,8,2,2,0,1,4,2,4,1,3,0,11,1,1,1,0,0,0,0,0,1,0,3,0,0,,0,0,0,,6
2016,gynecology,GYN1,gynecology,1368,584,566,590,481,150,263,318,196,293,374,4,0,36,224,0,33,91,18,0,17,5,0,0,309,307,58,,24,0,5,,258
2016,gynecology,GYN1.1,Malignant neoplasms of the vulva and vagina,8,1,2,0,0,0,0,0,0,1,0,0,0,0,0,0,0,0,0,0,0,0,0,0,0,1,0,,0,0,0,,2
2016,gynecology,GYN1.2,Malignant neoplasms of the cervix,10,2,3,1,1,0,0,2,0,1,2,0,0,0,1,0,0,0,0,0,0,0,0,0,0,0,0,,1,0,0,,0
2016,gynecology,GYN1.3,Malignant neoplasms of the corpus uteri,78,44,52,40,9,2,23,13,11,27,9,5,0,0,12,0,5,19,0,0,0,0,2,0,10,9,2,,1,0,0,,18
2016,gynecology,GYN1.4,Malignant neoplasms of the ovary,33,17,13,13,2,0,8,6,4,12,13,0,0,1,5,0,1,3,0,0,0,0,0,0,0,4,0,,2,0,0,,5
2016,gynecology,GYN2,Recognized certified breast center,242,239,125,235,28,38,30,72,63,56,82,1,0,1,85,0,14,58,213,0,0,0,0,0,59,98,20,,213,13,0,,85
2016,Procedures Related to Transsexuality,PLC1,Interventions related to transsexuality,18,0,0,0,0,0,0,0,0,0,0,0,0,0,0,0,0,0,0,0,0,0,0,0,0,0,0,,1,0,0,,0
2016,obstetrics,GEB1,Basic obstetric care (from 34 weeks of pregnancy and >= 2000g),3791,2126,2458,1056,833,2,1164,1224,1624,2147,1187,2,0,0,640,0,385,758,0,0,0,0,0,0,584,561,10,,1,0,0,,957
2016,obstetrics,GEB1.1,Obstetrics (from 32 weeks of pregnancy and >= 1250g),176,35,16,2,0,0,1,0,2,3,6,0,0,0,0,0,0,0,0,0,0,0,0,0,0,0,0,,0,0,0,,15
2016,obstetrics,GEB1.1.1,Specialized Obstetrics,73,3,1,0,0,0,0,0,1,4,0,0,0,0,0,0,0,0,0,0,0,0,0,0,0,0,0,,0,0,0,,3
2016,newborns,NEO1,Basic care for newborns (from GA 35 0/7 weeks of pregnancy and GG 2000g),2508,1676,2015,909,658,0,899,980,1415,1987,903,0,0,22,520,0,326,638,0,0,0,0,0,0,510,451,0,,0,0,0,,777
2016,newborns,NEO1.1,Neonatology (from GA 32 0/7 weeks of pregnancy and GG 1250g),267,178,129,14,4,0,15,9,77,87,18,0,0,267,9,0,0,7,0,0,0,0,0,0,5,18,0,,0,0,0,,23
2016,newborns,NEO1.1.1,Specialized Neonatology (from GA 28 0/7 weeks of pregnancy and GG 1000g) valid from 01.10.2024,123,23,3,0,0,0,1,0,3,1,1,0,0,14,0,0,2,1,0,0,0,0,0,0,0,0,0,,0,0,0,,1
2016,newborns,NEO1.1.1.1,Highly specialized neonatology (GA < 28 0/7 weeks of pregnancy and GG < 1000g),61,4,1,0,0,0,0,0,0,0,0,0,0,3,0,0,0,0,0,0,0,0,0,0,0,0,0,,0,0,0,,0
2016,(radio) oncology,ONK1,oncology,211,200,174,57,4,0,14,31,7,5,21,25,0,99,8,0,6,48,0,0,0,0,2,0,41,16,1,,0,0,0,,3
2016,Radio-Oncology,RAO1,radiation oncology,250,199,250,54,0,0,1,2,0,2,7,2,0,3,28,0,0,0,0,0,14,0,0,0,0,1,0,,0,0,0,,2
2016,Nuclear Medicine,NUK1,nuclear medicine,207,127,114,37,0,0,3,1,0,4,1,0,1,1,0,0,0,0,0,0,0,0,0,0,5,0,0,,0,0,0,,0
2016,Serious injuries,UNF1,trauma surgery (polytrauma),104,34,8,3,3,0,2,2,6,3,2,3,0,8,7,1,0,0,0,0,0,0,0,0,0,0,0,,0,0,0,,11
2016,Serious injuries,UNF1.1,Specialized trauma surgery (traumatic brain injury),82,24,10,1,5,0,9,1,11,3,5,7,0,4,6,1,3,0,0,0,0,0,0,0,0,0,0,,0,0,0,,0
2016,Serious injuries,UNF2,Treatment of Severe Burns in Adults (IVHSM),46,3,1,0,0,0,0,1,0,0,0,2,0,11,2,0,0,0,0,0,0,0,0,0,0,0,0,,0,0,0,,1
