labels_ALL,Service sector,SPLG,SPLG_Description,Universitasspital Zurich,Kantonsspital Winterthur,Stadtspital Triemli,Klinik Hirslanden,See-Spital Standort Horgen,See-Spital Standort Kilchberg,Spital Uster,Spital Limmattal,Spital Bulach,Spital Zollikerberg,GZO AG Spital Wetzikon,Stadtspital Waid,Schulthess Klinik,Kinderspital Zurich,Spital Manedorf,Universitatsklinik Balgrist,Spital Affoltern,Paracelsus-Spital Richterswil,Limmatklinik,Klinik Lengg,Uroviva Klinik fur Urologie,Adus Medica,Klinik Susenberg,Sune-Egge,Klinik Im Park,Privatklinik Bethanien,Klinik Pyramide am See,"Klinik Pyramide 
Schwerzenbach",Klinik Lindberg,Klinik Tiefenbrunnen,Eulachklinik,"Schweizerisches 
Epilepsie-Zentrum",Spitaler Schaffhausen
2015,basic package,BP,Basic Package,8 864,10 261,8 472,3 456,3 855,946,4 996,4 652,4 890,3 433,4 644,5 912,372,4 085,3 410,559,2 110,595,436,13,157,236,144,94,1 096,453,1 021,13,308,57,4,,4 319
2015,dermatology,DER1,Dermatology (including sexually transmitted diseases),228,46,10,9,9,4,17,7,11,3,16,11,1,40,8,2,4,2,0,0,0,0,0,0,7,3,0,0,0,0,0,,13
2015,dermatology,DER1.1,Dermatological Oncology,292,25,4,5,0,0,1,1,1,0,4,1,0,0,1,0,0,2,0,0,0,0,0,0,3,2,0,0,0,0,0,,8
2015,dermatology,DER1.2,Severe skin diseases,20,2,1,0,0,0,1,0,0,0,0,1,0,2,0,0,0,0,0,0,0,0,0,0,0,0,0,0,0,0,0,,0
2015,dermatology,DER2,wound patients,35,15,12,7,13,2,6,12,4,8,5,18,1,1,1,6,6,3,0,0,0,0,0,5,1,1,2,0,1,0,0,,58
2015,"ear, nose and throat",HNO1,"Ear, nose and throat (ENT surgery)",831,135,28,120,93,141,167,36,6,19,147,69,0,302,125,0,15,4,32,0,0,226,0,0,29,24,50,0,13,0,0,,82
2015,"ear, nose and throat",HNO1.1,neck and facial surgery,648,53,8,53,12,7,7,4,1,0,13,32,0,141,15,0,4,0,102,0,0,8,0,0,11,72,6,0,9,1,0,,15
2015,"ear, nose and throat",HNO1.1.1,Complex neck procedures (interdisciplinary tumor surgery),27,6,0,1,0,1,0,0,0,0,0,0,0,0,0,0,0,0,3,0,0,0,0,0,0,0,0,0,0,0,0,,0
2015,"ear, nose and throat",HNO1.2,Advanced nasal surgery with sinuses,509,100,1,345,116,115,143,17,0,35,137,63,0,1,63,0,23,4,212,0,0,304,0,0,17,6,25,1,33,0,1,,11
2015,"ear, nose and throat",HNO1.2.1,"Advanced nasal surgery, paranasal sinuses with dura opening (interdisciplinary skull base surgery)",1,0,0,49,0,0,0,0,0,0,0,0,0,0,0,0,0,0,0,0,0,0,0,0,0,0,0,0,0,0,0,,0
2015,"ear, nose and throat",HNO1.3,"Middle ear surgery (tympanoplasty, mastoid surgery, osiculoplasty including stapes operations)",294,4,0,3,1,1,1,12,0,0,0,0,0,5,3,0,0,0,0,0,0,0,0,0,0,17,1,0,1,0,0,,2
2015,"ear, nose and throat",HNO1.3.1,Advanced ear surgery with inner ear and/or dura opening,0,0,0,1,0,0,0,0,0,0,0,0,0,0,0,0,0,0,0,0,0,0,0,0,0,0,0,0,0,0,0,,0
2015,"ear, nose and throat",HNO1.3.2,cochlear implants (IVHSM),47,0,0,0,0,0,0,0,0,0,0,0,0,8,0,0,0,0,0,0,0,0,0,0,0,0,0,0,0,0,0,,0
2015,"ear, nose and throat",HNO2,thyroid and parathyroid surgery,157,61,79,91,4,20,23,39,90,48,20,50,0,0,17,0,6,0,0,0,0,3,0,0,7,38,0,0,2,0,0,,32
2015,Oral surgery,KIE1,jaw surgery,183,80,2,2,3,0,9,1,1,2,0,4,0,29,0,0,0,0,81,0,0,1,0,0,5,3,35,0,5,0,1,,0
2015,neurosurgery,NCH1,Cranial Neurosurgery,709,83,1,229,2,0,0,2,1,1,1,1,0,110,1,0,0,0,3,0,0,0,0,0,16,2,0,0,0,0,0,,4
2015,neurosurgery,NCH2,spinal neurosurgery,0,1,1,0,0,0,0,0,0,0,0,0,0,3,0,0,0,0,0,0,0,0,0,0,0,0,0,0,0,0,0,,0
2015,neurosurgery,NCH3,Peripheral Neurosurgery,13,13,0,2,1,0,2,0,1,0,0,0,0,1,0,0,1,0,1,0,0,0,0,0,2,0,1,0,0,0,0,,0
2015,neurosurgery,NCH1.1,Specialized Neurosurgery,97,3,0,42,0,0,0,0,0,0,0,0,0,3,0,0,0,0,1,0,0,0,0,0,2,0,0,0,0,0,0,,0
2015,neurology,NEU1,neurology,228,117,90,22,29,0,60,49,28,21,50,48,0,80,35,0,9,3,0,120,0,0,0,0,3,3,1,0,0,0,0,,49
2015,neurology,NEU2,Secondary Malignant Neoplasm of the Nervous System,43,22,18,15,3,0,9,3,7,6,16,13,0,1,17,0,2,1,0,0,0,0,1,0,3,1,0,0,0,0,0,,11
2015,neurology,NEU2.1,Primary neoplasm of the CNS (excluding palliative patients),79,10,9,21,2,0,5,3,13,5,5,4,0,65,1,0,11,5,0,0,0,0,4,0,1,0,0,0,0,0,0,,9
2015,neurology,NEU3,Cerebrovascular disorders,811,370,294,180,104,0,115,138,122,56,159,156,0,33,85,1,35,7,0,0,0,0,2,0,6,1,0,0,1,0,0,,136
2015,neurology,NEU3.1,Complex Treatment of Strokes (IVHSM),108,0,0,19,0,0,0,0,0,0,0,0,0,0,0,0,0,0,0,0,0,0,0,0,0,0,0,0,0,0,0,,0
2015,neurology,NEU4,Epileptology: Complex Diagnostics,23,3,0,31,0,0,0,2,0,0,0,0,0,56,0,0,0,0,0,774,0,0,0,0,0,0,0,0,0,0,0,,0
2015,neurology,NEU4.1,Epileptology: Complex Treatment,21,0,0,0,0,0,0,0,0,0,0,0,0,0,0,0,0,0,0,24,0,0,0,0,0,0,0,0,0,0,0,,0
2015,Ophthalmologie,AUG1,Ophthalmologie,248,62,19,1,1,0,0,0,0,1,1,1,0,9,0,0,0,0,7,0,0,1,0,0,2,0,1,0,0,0,0,,1
2015,Ophthalmologie,AUG1.1,strabology,123,1,1,0,0,0,0,0,0,0,0,0,0,0,0,0,0,0,1,0,0,3,0,0,0,0,0,0,0,0,0,,0
2015,Ophthalmologie,AUG1.2,"orbit, eyelids, tear ducts",44,11,5,17,0,0,0,0,2,0,0,0,0,0,1,0,0,0,3,0,0,0,0,0,2,2,21,0,0,8,0,,0
2015,Ophthalmologie,AUG1.3,Specialized anterior segment surgery (including glaucoma),175,136,44,0,0,0,0,0,0,0,0,0,0,1,0,0,0,0,33,0,0,0,0,0,104,0,0,0,0,0,0,,1
2015,Ophthalmologie,AUG1.4,cataract,104,538,123,158,0,4,0,4,0,46,0,0,0,4,0,0,0,0,42,0,0,1,0,0,52,0,152,6,0,0,0,,0
2015,Ophthalmologie,AUG1.5,vitreous and retinal problems,683,68,431,0,0,0,0,0,0,0,0,0,0,0,0,0,0,0,56,0,0,0,0,0,14,0,0,0,0,0,0,,0
2015,endocrinology,END1,endocrinology,98,56,39,36,35,1,67,18,42,28,34,51,0,48,16,6,8,2,0,0,0,0,2,0,2,1,0,0,1,0,0,,34
2015,gastroenterology,GAE1,gastroenterology,805,625,722,475,250,1,489,377,315,260,330,507,0,82,354,0,127,43,1,0,0,0,0,0,84,27,0,0,3,0,0,,253
2015,gastroenterology,GAE1.1,Specialized Gastroenterology,195,184,119,104,18,0,47,67,39,57,98,96,0,2,50,0,13,1,0,0,0,0,0,0,7,18,0,0,1,0,0,,37
2015,visceral surgery,VIS1,visceral surgery,523,303,209,466,54,6,60,181,31,45,105,76,0,103,98,0,22,1,9,0,0,0,0,0,43,38,6,0,27,0,0,,120
2015,visceral surgery,VIS1.1,pancreatectomy in adults (IVHSM),38,31,44,40,0,0,0,1,0,1,0,0,0,0,0,0,0,0,0,0,0,0,0,0,7,3,0,0,1,0,0,,2
2015,visceral surgery,VIS1.2,liver resection in adults (IVHSM),66,30,20,39,0,0,0,0,0,0,0,0,0,1,4,0,0,0,0,0,0,0,0,0,16,3,0,0,0,0,0,,13
2015,visceral surgery,VIS1.3,esophagectomy in adults (IVHSM),43,7,14,26,0,0,0,0,0,0,0,0,0,5,0,0,0,0,0,0,0,0,0,0,1,0,0,0,1,0,0,,1
2015,visceral surgery,VIS1.4,Bariatric surgery,138,1,39,71,0,0,1,159,0,0,110,22,0,0,98,0,0,0,0,0,0,0,0,0,0,0,0,0,5,0,0,,15
2015,visceral surgery,VIS1.4.1,Komplexe bariatrische Chirurgie (IVHSM),25,0,6,24,0,0,1,60,0,0,13,0,0,0,4,0,0,0,0,0,0,0,0,0,0,0,0,0,2,0,0,,0
2015,visceral surgery,VIS1.5,Deep Rectal Resection in Adults (IVHSM),54,44,32,39,0,0,11,24,4,0,1,11,0,3,7,0,1,0,0,0,0,0,0,0,4,9,0,0,0,0,0,,13
2015,hematology,HAE1,Aggressive Lymphome und akute Leuk?ien,320,35,21,36,6,0,13,3,5,7,17,5,0,228,3,0,4,10,0,0,0,0,1,0,18,1,0,0,0,0,0,,13
2015,hematology,HAE1.1,Highly aggressive lymphomas and acute leukemias,82,1,0,4,0,0,0,0,0,0,0,0,0,27,0,0,0,0,0,0,0,0,0,0,0,0,0,0,0,0,0,,0
2015,hematology,HAE2,Indolent lymphomas and chronic leukemias,554,140,131,179,50,1,59,61,45,29,42,49,0,20,58,1,13,19,0,0,0,0,4,1,36,12,0,0,0,0,0,,43
2015,hematology,HAE3,Myelodysplastische Syndrome,75,23,31,6,15,0,20,16,14,6,10,19,0,0,13,0,4,0,0,0,0,0,0,0,7,1,0,0,0,0,0,,25
2015,hematology,HAE4,Autologous blood stem cell transplantation,84,0,13,14,0,0,0,0,0,0,0,0,8,10,0,0,0,0,0,0,0,0,0,0,0,0,0,0,0,0,0,,0
2015,hematology,HAE5,Allogeneic hematopoietic stem cell transplantation in adults (IVHSM),59,0,0,0,0,0,0,0,0,0,0,0,0,24,0,0,0,0,0,0,0,0,0,0,0,0,0,0,0,0,0,,0
2015,vessels,GEF1,vascular surgery peripheral vessels (arterial),154,153,66,76,10,1,0,30,1,1,1,13,2,4,3,6,0,0,0,0,0,0,0,0,56,11,0,0,0,0,0,,3
2015,Angiology,ANG1,interventions peripheral vessels (arterial),582,235,102,104,58,1,2,52,33,7,4,103,0,7,22,2,2,0,0,0,0,0,0,0,101,25,0,0,0,0,0,,23
2015,vessels,GEF2,Vascular Surgery of Intra-abdominal Vessels,47,54,62,66,0,0,2,11,0,0,2,1,0,2,3,2,0,0,0,0,1,0,0,0,27,1,0,0,1,0,0,,2
2015,Angiology,ANG2,Intra-abdominal Vascular Intervention,295,151,83,124,1,0,0,10,1,0,0,19,0,23,4,0,0,0,0,0,0,0,0,0,51,3,0,0,1,0,0,,2
2015,vessels,GEF3,vascular surgery carotid,67,41,32,63,0,0,0,20,1,1,0,0,0,4,1,0,0,0,0,0,0,0,0,0,16,0,0,0,0,0,0,,6
2015,Angiology,ANG3,Interventions carotid and extracranial vessels,109,20,17,16,0,0,1,1,0,0,0,0,0,0,0,0,0,0,0,0,0,0,0,0,1,0,0,0,0,0,0,,1
2015,vessels,GEF4,Vascular surgery intracranial vessels,62,0,0,26,0,0,0,0,0,0,0,0,0,11,0,0,0,0,0,0,0,0,0,0,0,0,0,0,0,0,0,,0
2015,Angiology,ANG4,Intracranial Vascular Intervention,140,1,0,40,0,0,0,0,0,0,0,0,0,0,0,0,0,0,0,0,0,0,0,0,0,0,0,0,0,0,0,,0
2015,Radiology,RAD1,Interventional Radiology,115,28,26,32,34,0,10,7,4,2,15,10,0,1,5,2,3,0,0,0,0,0,0,0,12,2,0,0,0,0,0,,16
2015,Heart,HER1,Simple heart surgery,19,0,3,11,0,0,1,0,7,0,0,1,0,5,0,0,0,0,0,0,0,0,0,0,2,0,0,0,0,0,0,,0
2015,Heart,HER1.1,Cardiac surgery and vascular interventions with heart-lung machine,92,9,17,19,0,0,0,0,0,0,2,0,0,83,0,0,0,0,0,0,0,0,0,0,9,0,0,0,0,0,0,,0
2015,Heart,HER1.1.1,coronary artery surgery (CABG),299,0,226,281,0,0,0,0,0,0,0,0,0,0,0,0,0,0,0,0,0,0,0,0,48,0,0,0,0,0,0,,0
2015,Heart,HER1.1.2,Complex Congenital Cardiac Surgery/Cardiology (including surgery as a child),0,0,0,0,0,0,0,0,0,0,0,0,0,74,0,0,0,0,0,0,0,0,0,0,0,0,0,0,0,0,0,,0
2015,Heart,HER1.1.3,Surgery and Interventions on the Thoracic Aorta,90,1,23,28,0,0,0,0,0,0,0,0,0,31,0,0,0,0,0,0,0,0,0,0,6,0,0,0,0,0,0,,0
2015,Heart,HER1.1.4,Open surgery on the aortic valve,176,0,166,230,0,0,0,0,0,0,0,0,0,9,0,0,0,0,0,0,0,0,0,0,35,0,0,0,0,0,0,,0
2015,Heart,HER1.1.5,Open interventions on the mitral valve,165,0,65,143,0,0,0,0,0,0,0,0,0,7,0,0,0,0,0,0,0,0,0,0,48,0,0,0,0,0,0,,0
2015,Cardiology,KAR1,Cardiology and Devices,138,126,180,183,29,0,59,19,30,27,23,88,0,5,16,0,0,0,0,0,0,0,0,0,97,1,0,0,1,0,0,,25
2015,Cardiology,KAR1.1,Interventional Cardiology (Coronary Procedures),1 857,677,1 931,1 695,8,0,54,26,9,7,74,10,1,40,8,3,3,0,0,0,0,0,0,0,689,0,0,0,0,0,0,,9
2015,Cardiology,KAR1.1.1,Interventional Cardiology (Special Procedures),706,44,264,356,1,0,0,0,1,0,15,0,0,100,0,0,0,0,0,0,0,0,0,0,469,0,0,0,0,0,0,,2
2015,Cardiology,KAR1.2,Electrophysiology (Ablation),176,27,73,73,0,0,0,0,0,0,22,0,0,35,0,0,0,0,0,0,0,0,0,0,233,0,0,0,0,0,0,,0
2015,Cardiology,KAR1.3,Implantable Cardioverter Defibrillator / CRT,146,47,113,51,0,0,1,0,0,0,10,3,0,6,0,0,0,0,0,0,0,0,0,0,54,0,0,0,0,0,0,,2
2015,Nephrologie,NEP1,nephrology (kidney failure),255,86,82,21,13,0,33,41,18,79,47,111,0,6,34,1,0,0,0,0,1,0,0,0,39,1,0,0,0,0,0,,40
2015,urology,URO1,Urology without specialization 'Operative Urology',1 387,1 219,1 005,760,159,506,704,641,123,262,318,245,0,181,405,36,19,72,3,0,674,6,0,0,239,320,4,0,65,0,1,,270
2015,urology,URO1.1,Urology with a focus on 'Operative Urology',180,57,100,130,19,23,24,38,6,22,47,16,0,90,27,0,0,6,0,0,83,0,0,0,21,23,15,0,2,0,0,,42
2015,urology,URO1.1.1,Radical prostatectomy,116,75,27,176,1,23,26,25,0,0,6,0,0,0,39,0,0,0,0,0,37,0,0,0,16,0,0,0,0,0,0,,32
2015,urology,URO1.1.2,Radical and simple cystectomy (IVHSM),41,24,19,24,0,0,1,1,0,0,0,0,0,0,12,0,0,0,0,0,0,0,0,0,7,0,0,0,1,0,0,,4
2015,urology,URO1.1.3,Complex kidney surgery (tumor nephrectomy and partial kidney dissection),65,35,61,41,1,0,19,17,1,1,13,4,0,20,41,0,0,0,0,0,3,0,0,0,5,3,0,0,4,0,0,,7
2015,urology,URO1.1.4,Isolated adrenalectomy,19,1,3,6,0,0,0,4,1,0,1,0,0,3,3,0,0,0,0,0,0,0,0,0,3,0,0,0,0,0,0,,1
2015,urology,URO1.1.5,Plastic Reconstruction of the Pyeloureteral Junction,23,19,8,9,0,0,0,4,0,0,1,0,0,38,2,0,0,0,0,0,2,0,0,0,0,0,0,0,0,0,0,,2
2015,urology,URO1.1.6,Plastic Reconstruction of the Urethra,22,23,0,34,0,0,0,0,0,2,0,0,0,68,1,0,0,0,0,0,6,0,0,0,0,1,0,0,0,0,0,,0
2015,urology,URO1.1.7,Implantation of an artificial bladder sphincter,20,17,0,21,0,0,0,0,1,0,0,0,0,0,12,0,0,0,0,0,3,0,0,0,0,0,0,0,0,0,0,,0
2015,urology,URO1.1.8,Percutaneous nephrostomy with disintegration of stone material,8,8,17,1,1,0,1,1,0,0,1,0,0,0,1,0,0,0,0,0,1,0,0,0,0,1,0,0,0,0,0,,0
2015,Pneumologie,PNE1,Pneumologie,602,336,342,135,105,1,261,123,172,98,136,266,0,109,89,1,26,13,0,0,0,0,1,1,55,2,0,0,1,0,0,,147
2015,Pneumologie,PNE1.1,Pneumology with specific ventilation therapy,51,0,27,6,4,0,17,10,0,0,10,18,0,1,0,0,2,1,0,0,0,0,0,0,1,1,0,0,0,0,0,,1
2015,Pneumologie,PNE1.2,Assessment or status after lung transplantation,363,1,0,0,0,0,0,0,0,0,0,0,0,0,0,0,0,0,0,0,0,0,0,0,0,0,0,0,0,0,0,,0
2015,Pneumologie,PNE1.3,cystic fibrosis,68,20,0,0,0,0,1,0,0,0,1,0,0,16,3,0,0,0,0,0,0,0,0,0,0,0,0,0,0,0,0,,1
2015,Pneumologie,PNE2,Polysomnographie,78,179,1,0,0,0,1,0,8,0,52,7,0,64,0,0,1,0,0,2,0,0,0,0,0,0,0,0,0,0,0,,0
2015,Thoraxchirurgie,THO1,Thoraxchirurgie,55,11,15,25,1,0,0,0,0,0,1,1,0,9,1,0,0,1,0,0,0,0,0,0,3,0,1,0,1,0,0,,2
2015,Thoraxchirurgie,THO1.1,Malignant neoplasms of the respiratory system (curative resection by lobectomy and pneumonectomy),123,55,48,54,0,0,0,0,0,0,0,0,0,0,1,0,0,0,0,0,0,0,0,0,8,0,0,0,0,0,0,,0
2015,Thoraxchirurgie,THO1.2,mediastinal interventions,60,21,23,12,0,0,0,0,0,0,0,0,0,2,1,0,0,0,0,0,0,0,0,0,1,0,0,0,0,0,0,,1
2015,transplants,TPL1,heart transplants (IVHSM),11,0,0,0,0,0,0,0,0,0,0,0,0,2,0,0,0,0,0,0,0,0,0,0,0,0,0,0,0,0,0,,0
2015,transplants,TPL2,lung transplants (IVHSM),31,0,0,0,0,0,0,0,0,0,0,0,0,1,0,0,0,0,0,0,0,0,0,0,0,0,0,0,0,0,0,,0
2015,transplants,TPL3,liver transplants (IVHSM),54,0,0,0,0,0,0,0,0,0,0,0,0,0,0,0,0,0,0,0,0,0,0,0,0,0,0,0,0,0,0,,0
2015,transplants,TPL4,Pankreas- und Inseltransplantationen (IVHSM),5,0,0,0,0,0,0,0,0,0,0,0,0,0,0,0,0,0,0,0,0,0,0,0,0,0,0,0,0,0,0,,0
2015,transplants,TPL5,Nierentransplantationen (IVHSM),77,0,0,0,0,0,0,0,0,0,0,0,0,9,0,0,0,0,0,0,0,0,0,0,0,0,0,0,0,0,0,,0
2015,transplants,TPL6,Darmtransplantation,0,0,0,0,0,0,0,0,0,0,0,0,0,0,0,0,0,0,0,0,0,0,0,0,0,0,0,0,0,0,0,,0
2015,transplants,TPL7,Milztransplantation,0,0,0,0,0,0,0,0,0,0,0,0,0,0,0,0,0,0,0,0,0,0,0,0,0,0,0,0,0,0,0,,0
2015,musculoskeletal system surgically,BEW1,surgery musculoskeletal system,628,762,264,674,138,308,208,280,194,215,162,213,1 748,290,138,1 157,64,100,71,0,1,20,0,0,384,152,71,2,130,6,0,,151
2015,musculoskeletal system surgically,BEW2,orthopedics,116,150,68,224,24,149,48,83,32,86,49,69,274,80,52,259,29,52,31,0,0,24,0,1,60,70,97,4,34,1,0,,35
2015,musculoskeletal system surgically,BEW3,hand surgery,203,192,51,120,38,18,66,122,62,15,32,26,139,54,45,80,14,4,4,0,8,1,0,0,151,34,37,0,5,0,0,,34
2015,musculoskeletal system surgically,BEW4,Arthroscopy of the shoulder and elbow,2,14,6,33,0,14,9,1,10,10,5,10,189,1,8,39,6,44,0,0,0,0,0,0,43,15,4,0,4,0,0,,4
2015,musculoskeletal system surgically,BEW5,arthroscopy of the knee,77,161,160,1 126,122,623,205,117,75,94,80,113,709,32,105,372,169,93,43,0,0,40,0,0,255,293,10,0,172,0,9,,68
2015,musculoskeletal system surgically,BEW6,upper extremity reconstruction,26,255,39,350,32,333,138,122,45,71,110,143,1 215,0,85,617,55,255,11,0,0,0,0,0,211,109,106,14,81,0,1,,49
2015,musculoskeletal system surgically,BEW7,lower extremity reconstruction,39,936,133,779,53,652,183,227,373,157,320,115,1 902,7,206,680,110,61,1,0,0,0,0,0,208,413,15,4,137,0,0,,198
2015,musculoskeletal system surgically,BEW8,spinal surgery,312,695,344,889,83,68,0,3,4,541,0,1,1 146,25,30,612,65,1,2,0,0,0,0,0,427,103,22,3,120,0,0,,3
2015,musculoskeletal system surgically,BEW8.1,Specialized spine surgery,63,46,12,56,7,4,0,0,0,90,0,0,191,23,3,41,8,0,0,0,0,0,0,0,58,7,11,0,18,0,0,,0
2015,musculoskeletal system surgically,BEW9,tumors of the musculoskeletal system,2,1,1,1,1,0,1,0,0,0,0,0,2,1,0,18,0,0,0,0,0,0,0,0,1,1,0,0,0,0,0,,0
2015,musculoskeletal system surgically,BEW10,plexus surgery,10,3,1,24,0,1,0,2,1,0,0,1,3,1,2,11,2,21,0,0,0,0,0,0,24,2,5,0,8,0,0,,0
2015,musculoskeletal system surgically,BEW11,Replantationen,17,0,0,0,0,0,0,1,0,0,0,0,0,0,0,0,0,0,0,0,0,0,0,0,0,0,0,0,0,0,0,,2
2015,rheumatology,RHE1,rheumatology,322,169,203,71,36,15,43,57,39,45,48,67,79,40,32,118,22,9,1,0,0,0,1,0,12,6,81,7,5,0,1,,38
2015,rheumatology,RHE2,Interdisciplinary Rheumatology,87,20,5,3,4,0,3,3,0,0,2,0,0,9,5,0,0,0,0,0,0,0,0,1,3,0,0,0,0,0,0,,2
2015,gynecology,GYN1,gynecology,1 346,649,557,616,297,162,257,353,171,272,317,3,1,31,242,0,27,123,10,0,23,3,0,0,319,309,36,0,66,0,5,,302
2015,gynecology,GYN1.1,Malignant neoplasms of the vulva and vagina,8,3,2,0,0,0,0,1,0,0,4,0,0,0,1,0,0,0,0,0,0,0,0,0,2,0,0,0,0,0,0,,1
2015,gynecology,GYN1.2,Malignant neoplasms of the cervix,6,2,1,1,0,0,0,1,1,1,0,0,0,0,0,0,0,0,0,0,0,0,0,0,0,0,0,0,0,0,0,,1
2015,gynecology,GYN1.3,Malignant neoplasms of the corpus uteri,80,44,39,30,6,2,13,17,28,16,20,0,0,0,9,0,6,14,0,0,0,0,0,0,10,8,1,0,1,0,0,,12
2015,gynecology,GYN1.4,Malignant neoplasms of the ovary,18,7,9,14,2,0,1,3,3,1,8,0,0,0,5,0,1,0,0,0,0,0,0,0,2,2,1,0,0,0,0,,2
2015,gynecology,GYN2,Recognized certified breast center,246,196,146,284,28,42,34,63,83,46,88,0,0,0,57,0,16,41,195,0,0,0,0,0,51,85,170,0,34,6,0,,89
2015,Procedures Related to Transsexuality,PLC1,Interventions related to transsexuality,8,0,0,0,0,0,0,0,0,0,0,0,0,0,0,0,0,0,0,0,0,0,0,0,0,0,0,0,0,0,0,,0
2015,obstetrics,GEBH,birthing centers (from 37 weeks of pregnancy),0,0,0,0,0,0,0,0,0,0,0,0,0,0,0,0,0,0,0,0,0,0,0,0,0,0,0,0,0,0,0,,0
2015,obstetrics,GEB1,Basic obstetric care (from 34 weeks of pregnancy and >= 2000g),3 857,2 098,2 355,1 143,771,10,1 172,1 275,1 553,1 988,1 131,5,0,0,639,0,391,691,0,0,0,0,0,0,670,394,4,0,161,0,0,,1 016
2015,obstetrics,GEB1.1,Obstetrics (from 32 weeks of pregnancy and >= 1250g),170,37,10,1,1,0,2,1,6,7,4,0,0,0,2,0,0,0,0,0,0,0,0,0,1,2,0,0,0,0,0,,9
2015,obstetrics,GEB1.1.1,Specialized Obstetrics,64,4,2,0,0,0,0,0,2,0,2,0,0,0,0,0,0,0,0,0,0,0,0,0,1,0,0,0,0,0,0,,1
2015,newborns,NEOH,Basic care for newborns?,0,0,0,0,0,0,0,0,0,0,0,0,0,0,0,0,0,0,0,0,0,0,0,0,0,0,0,0,0,0,0,,0
2015,newborns,NEO1,Basic care for newborns (from GA 35 0/7 weeks of pregnancy and GG 2000g),2 595,1 618,1 918,943,634,0,920,998,1 357,1 813,856,1,0,28,486,0,350,585,0,0,0,0,0,0,569,320,0,0,152,0,0,,821
2015,newborns,NEO1.1,Neonatology (from GA 32 0/7 weeks of pregnancy and GG 1250g),212,91,159,18,8,0,15,11,39,85,11,0,0,112,15,0,0,7,0,0,0,0,0,0,7,4,0,0,4,0,0,,20
2015,newborns,NEO1.1.1,Specialized Neonatology (from GA 28 0/7 weeks of pregnancy and GG 1000g) valid from 01.10.2024,196,154,2,0,0,0,1,0,57,2,2,0,0,72,3,0,1,3,0,0,0,0,0,0,0,0,0,0,0,0,0,,3
2015,newborns,NEO1.1.1.1,Highly specialized neonatology (GA < 28 0/7 weeks of pregnancy and GG < 1000g),65,2,2,0,0,0,0,0,3,0,2,0,0,1,0,0,0,0,0,0,0,0,0,0,0,0,0,0,0,0,0,,0
2015,(radio) oncology,ONK1,oncology,201,188,174,54,3,0,23,17,5,11,26,31,0,108,11,0,7,50,1,0,0,0,2,0,43,15,0,0,1,0,0,,9
2015,Radio-Oncology,RAO1,radiation oncology,238,157,298,71,0,0,3,2,0,3,5,1,0,1,23,0,0,0,0,0,7,0,0,0,1,0,0,0,0,0,0,,0
2015,Nuclear Medicine,NUK1,nuclear medicine,206,145,96,43,0,0,8,0,0,2,2,0,0,1,0,0,1,0,0,0,0,0,0,0,4,0,0,0,0,0,0,,0
2015,Serious injuries,UNF1,trauma surgery (polytrauma),119,39,14,6,4,0,4,8,3,3,7,3,0,8,1,0,1,0,0,0,0,0,0,0,2,0,0,0,1,0,0,,7
2015,Serious injuries,UNF1.1,Specialized trauma surgery (traumatic brain injury),20,4,0,0,0,0,0,0,0,0,0,0,0,1,0,0,0,0,0,0,0,0,0,0,0,0,0,0,0,0,0,,0
2015,Serious injuries,UNF2,Treatment of Severe Burns in Adults (IVHSM),47,2,2,0,0,0,1,2,3,0,0,0,0,12,2,0,0,0,0,0,0,0,0,0,0,0,0,0,0,0,0,,0
