labels_ALL,Service sector,SPLG,SPLG_Description,Universitasspital Zurich,Kantonsspital Winterthur,Stadtspital Triemli,Klinik Hirslanden,See-Spital Standort Horgen,See-Spital Standort Kilchberg,Spital Uster,Spital Limmattal,Spital Bulach,Spital Zollikerberg,GZO AG Spital Wetzikon,Stadtspital Waid,Schulthess Klinik,Kinderspital Zurich,Spital Manedorf,Universitatsklinik Balgrist,Spital Affoltern,Paracelsus-Spital Richterswil,Limmatklinik,Klinik Lengg,Uroviva Klinik fur Urologie,Adus Medica,Klinik Susenberg,Sune-Egge,Klinik Im Park,Privatklinik Bethanien,Klinik Pyramide am See,"Klinik Pyramide 
Schwerzenbach",Klinik Lindberg,Klinik Tiefenbrunnen,Eulachklinik,"Schweizerisches 
Epilepsie-Zentrum",Spitaler Schaffhausen
2013,basic package,BP,Basic Package,7 924,9 676,7 636,3 297,3 826,0,5 124,4 611,4 957,3 267,4 904,5 747,0,3 568,3 491,0,2 012,561,0,0,0,0,0,0,0,0,0,0,0,0,,,4 137
2013,Basic package for elective service providers,BPE,basic package,0,0,0,0,0,1 164,0,0,0,0,0,0,325,0,0,556,0,0,276,20,111,203,151,51,1 116,569,913,246,199,60,,,0
2013,dermatology,DER1,Dermatology (including sexually transmitted diseases),210,34,14,7,11,7,4,8,5,7,15,7,0,46,5,1,7,0,2,0,0,0,0,0,1,5,1,0,0,0,,,12
2013,dermatology,DER1.1,Dermatological Oncology,532,50,11,9,0,1,5,10,2,0,0,2,0,0,8,1,0,5,1,0,0,0,0,0,17,10,7,0,0,0,,,3
2013,dermatology,DER1.2,Severe skin diseases,14,3,0,0,0,0,0,0,1,0,0,0,0,7,1,0,1,1,0,0,0,0,0,0,0,0,0,0,0,0,,,0
2013,dermatology,DER2,wound patients,185,101,80,45,45,16,41,61,35,14,40,58,1,29,33,11,11,3,0,0,0,0,1,5,17,4,0,0,0,0,,,74
2013,"ear, nose and throat",HNO1,"Ear, nose and throat (ENT surgery)",600,123,22,263,118,89,125,674,13,11,154,54,0,382,95,0,25,15,45,0,0,188,0,0,511,31,49,8,16,0,,,68
2013,"ear, nose and throat",HNO1.1,neck and facial surgery,664,51,2,23,4,5,7,10,1,4,4,4,1,120,13,0,1,2,23,0,0,5,0,0,5,77,3,2,0,0,,,8
2013,"ear, nose and throat",HNO1.1.1,Complex neck procedures (interdisciplinary tumor surgery),19,2,0,3,0,0,0,1,0,0,0,0,0,1,0,0,0,0,0,0,0,0,0,0,1,10,0,0,0,0,,,0
2013,"ear, nose and throat",HNO1.2,Advanced nasal surgery with sinuses,403,59,0,318,80,178,154,21,4,32,96,50,0,4,60,0,1,8,101,0,0,159,0,0,20,23,19,29,2,9,,,7
2013,"ear, nose and throat",HNO1.2.1,"Advanced nasal surgery, paranasal sinuses with dura opening (interdisciplinary skull base surgery)",3,0,0,65,0,0,0,0,0,0,0,0,0,0,0,0,0,0,0,0,0,0,0,0,0,0,0,0,0,0,,,0
2013,"ear, nose and throat",HNO1.3,"Middle ear surgery (tympanoplasty, mastoid surgery, osiculoplasty including stapes operations)",311,7,0,4,1,2,2,9,0,2,1,0,0,1,1,0,0,0,0,0,0,0,0,0,0,13,4,1,0,0,,,2
2013,"ear, nose and throat",HNO1.3.1,Advanced ear surgery with inner ear and/or dura opening,6,0,0,1,0,0,0,0,0,0,0,0,0,0,0,0,0,0,0,0,0,0,0,0,0,0,0,0,0,0,,,0
2013,"ear, nose and throat",HNO1.3.2,cochlear implants (IVHSM),57,0,0,0,0,0,0,0,0,0,0,0,0,10,0,0,0,0,0,0,0,0,0,0,0,0,0,0,0,0,,,0
2013,"ear, nose and throat",HNO2,thyroid and parathyroid surgery,169,95,94,71,11,32,23,17,19,71,17,42,0,1,17,0,2,0,0,0,0,2,0,0,5,65,0,0,0,0,,,39
2013,Oral surgery,KIE1,jaw surgery,206,87,3,0,1,0,2,1,0,1,2,2,0,27,0,0,0,1,62,0,0,0,0,0,17,2,75,4,0,0,,,3
2013,neurosurgery,NCH1,Cranial Neurosurgery,590,90,7,182,2,0,1,1,1,0,0,1,2,111,1,4,0,0,2,0,0,0,0,0,36,3,0,1,0,0,,,10
2013,neurosurgery,NCH1.1,Specialized Neurosurgery,64,2,0,17,0,0,0,0,0,0,0,0,1,5,0,0,0,0,1,0,0,0,0,0,2,0,0,0,0,0,,,0
2013,neurology,NEU1,neurology,211,96,63,11,33,1,47,45,48,30,42,50,0,67,26,1,17,0,0,133,0,0,0,0,2,1,0,0,0,0,,,64
2013,neurology,NEU2,Secondary Malignant Neoplasm of the Nervous System,45,18,21,7,10,0,15,7,15,6,12,12,0,0,13,0,4,5,0,0,0,0,0,0,4,0,0,1,0,0,,,11
2013,neurology,NEU2.1,Primary neoplasm of the CNS (excluding palliative patients),70,6,8,4,3,0,1,4,11,2,5,2,0,37,10,0,8,4,0,1,0,0,8,0,1,0,0,0,0,0,,,7
2013,neurology,NEU3,Cerebrovascular disorders,699,299,286,130,104,0,122,115,116,76,148,163,0,22,123,0,31,8,0,0,0,0,2,0,10,3,0,0,0,0,,,151
2013,neurology,NEU4,Epileptology: Complex Diagnostics,19,0,0,21,0,0,0,3,0,0,1,0,0,59,0,0,0,0,0,466,0,0,0,0,1,0,0,0,0,0,,,0
2013,neurology,NEU4.1,Epileptology: Complex Treatment,29,0,1,1,0,0,0,1,0,0,0,0,0,1,0,0,0,0,0,235,0,0,0,0,0,0,0,0,0,0,,,0
2013,Ophthalmologie,AUG1,Ophthalmologie,233,76,27,4,4,0,0,4,0,0,6,5,0,12,4,0,2,0,9,0,0,1,0,0,8,1,1,0,0,1,,,0
2013,Ophthalmologie,AUG1.1,strabology,112,0,0,1,0,0,0,0,0,0,0,0,0,0,0,0,0,0,7,0,0,0,0,0,0,0,0,0,0,0,,,0
2013,Ophthalmologie,AUG1.2,"orbit, eyelids, tear ducts",9,0,0,0,0,0,0,0,0,0,0,0,0,0,0,0,0,0,0,0,0,0,0,0,0,0,0,0,0,0,,,0
2013,Ophthalmologie,AUG1.3,Specialized anterior segment surgery (including glaucoma),34,6,0,12,0,2,0,0,2,0,0,0,0,0,0,0,0,0,7,0,0,0,0,0,0,2,19,0,1,13,,,2
2013,Ophthalmologie,AUG1.4,cataract,37,0,0,0,0,0,0,0,0,0,0,0,0,0,0,0,0,0,7,0,0,0,0,0,0,0,0,0,0,0,,,0
2013,Ophthalmologie,AUG1.5,vitreous and retinal problems,101,82,18,3,0,0,0,0,0,0,0,0,0,0,0,0,0,0,8,0,0,0,0,0,66,0,0,0,0,0,,,0
2013,Ophthalmologie,AUG1.6,Cataract,305,683,412,208,0,6,0,10,0,110,0,0,0,5,0,0,0,0,45,0,0,1,0,0,244,0,178,0,48,0,,,0
2013,Ophthalmologie,AUG1.7,Vitreous Body/Rodent Retina Problems,515,5,141,0,0,0,0,0,0,0,0,0,0,0,0,0,0,0,13,0,0,0,0,0,7,0,0,0,0,0,,,0
2013,endocrinology,END1,endocrinology,115,91,68,30,27,1,37,33,28,31,26,48,1,62,29,1,11,4,0,0,0,0,0,0,8,5,2,3,0,0,,,34
2013,gastroenterology,GAE1,gastroenterology,669,618,600,437,241,1,413,308,253,238,273,578,0,69,363,1,100,62,0,0,0,0,0,1,85,27,0,0,0,0,,,279
2013,gastroenterology,GAE1.1,Specialized Gastroenterology,197,141,128,95,26,0,43,68,47,48,72,92,0,0,53,0,15,1,0,0,0,0,0,0,8,12,0,2,0,0,,,35
2013,visceral surgery,VIS1,visceral surgery,432,273,234,327,35,4,61,158,29,22,79,94,0,77,80,0,12,6,3,0,0,0,0,0,89,20,6,35,0,0,,,116
2013,visceral surgery,VIS1.1,pancreatectomy in adults (IVHSM),27,25,37,36,0,0,0,2,0,0,0,0,0,1,0,0,0,0,0,0,0,0,0,0,14,0,0,0,0,0,,,7
2013,visceral surgery,VIS1.2,liver resection in adults (IVHSM),98,34,32,59,0,0,3,7,0,0,6,3,0,0,7,0,0,0,0,0,0,0,0,0,18,0,0,1,0,0,,,6
2013,visceral surgery,VIS1.3,esophagectomy in adults (IVHSM),57,9,18,20,0,0,0,1,0,0,1,0,0,4,1,0,0,0,0,0,0,0,0,0,1,2,0,1,0,0,,,0
2013,visceral surgery,VIS1.4,Bariatric surgery,117,1,31,178,1,0,0,191,0,0,81,16,0,0,0,0,0,0,0,0,0,0,0,0,1,1,0,41,0,0,,,24
2013,visceral surgery,VIS1.5,Deep Rectal Resection in Adults (IVHSM),32,37,39,30,1,0,16,12,12,13,2,13,0,5,10,0,0,0,0,0,0,0,0,0,8,3,0,4,0,0,,,12
2013,hematology,HAE1,Aggressive Lymphome und akute Leuk?ien,150,11,9,12,7,0,9,3,11,2,3,11,0,189,7,0,6,3,0,0,0,0,0,0,2,0,0,0,0,0,,,10
2013,hematology,HAE1.1,Highly aggressive lymphomas and acute leukemias,134,0,0,2,0,0,0,0,0,0,0,0,0,30,0,0,0,0,0,0,0,0,0,0,3,0,0,0,0,0,,,0
2013,hematology,HAE2,Indolent lymphomas and chronic leukemias,449,141,102,90,26,1,55,55,46,27,40,53,0,22,32,3,16,31,0,0,0,0,4,0,46,9,2,4,0,0,,,26
2013,hematology,HAE3,Myelodysplastische Syndrome,17,22,12,10,8,0,4,12,14,16,4,17,0,2,4,0,8,0,0,0,0,0,0,0,2,4,0,0,0,0,,,12
2013,hematology,HAE4,Autologous blood stem cell transplantation,77,3,10,3,0,0,0,1,1,2,0,1,0,4,0,0,0,1,0,0,0,0,0,0,4,0,0,0,0,0,,,0
2013,hematology,HAE5,Allogeneic hematopoietic stem cell transplantation in adults (IVHSM),54,0,1,5,0,0,0,0,1,0,0,0,17,24,0,0,0,0,0,0,0,0,0,0,0,0,0,0,0,0,,,0
2013,vessels,GEF1,vascular surgery peripheral vessels (arterial),181,121,93,59,35,1,2,28,1,6,6,21,0,3,3,8,0,0,0,0,2,0,0,0,66,3,0,0,0,0,,,21
2013,Angiology,ANG1,interventions peripheral vessels (arterial),524,250,115,99,33,0,1,42,10,9,8,122,0,4,12,1,2,0,0,0,0,0,0,0,84,27,0,0,0,0,,,34
2013,vessels,GEF2,Vascular Surgery of Intra-abdominal Vessels,94,46,44,47,9,0,0,11,0,2,1,3,0,2,3,2,1,0,0,0,0,0,0,0,26,1,3,0,0,0,,,7
2013,Angiology,ANG2,Intra-abdominal Vascular Intervention,280,140,43,85,1,0,3,9,0,1,4,24,0,8,3,0,0,0,0,0,0,0,0,0,58,1,0,0,0,0,,,2
2013,vessels,GEF3,vascular surgery carotid,81,31,45,74,9,0,0,6,1,0,0,0,0,1,0,0,0,0,0,0,0,0,0,0,20,1,0,0,0,0,,,14
2013,Angiology,ANG3,Interventions carotid and extracranial vessels,123,12,17,20,0,0,0,3,0,0,1,0,0,0,0,0,0,0,0,0,0,0,0,0,9,0,0,0,0,0,,,1
2013,vessels,GEF4,Vascular surgery intracranial vessels,71,2,0,10,0,0,0,0,0,0,0,0,0,11,0,0,0,0,0,0,0,0,0,0,0,0,0,0,0,0,,,0
2013,Angiology,ANG4,Intracranial Vascular Intervention,154,5,0,43,0,0,0,0,0,0,0,0,0,5,0,0,0,0,0,0,0,0,0,0,0,0,0,0,0,0,,,0
2013,Radiology,RAD1,Interventional Radiology,112,22,24,29,12,0,6,20,2,12,5,6,0,6,30,2,25,0,0,0,0,0,0,0,16,0,0,0,0,0,,,10
2013,Heart,HER1,Simple heart surgery,20,7,7,8,0,0,0,0,1,1,1,2,0,6,0,0,0,1,0,0,0,0,0,0,6,0,0,0,0,0,,,2
2013,Heart,HER1.1,Cardiac surgery and vascular interventions with heart-lung machine,514,3,150,226,0,0,0,2,0,1,0,5,0,133,0,0,0,0,0,0,1,0,0,0,72,0,0,0,0,0,,,0
2013,Heart,HER1.1.1,coronary artery surgery (CABG),415,0,297,371,0,0,0,0,0,0,0,0,0,1,0,0,0,0,0,0,0,0,0,0,88,0,0,0,0,0,,,0
2013,Heart,HER1.1.2,Complex Congenital Cardiac Surgery/Cardiology (including surgery as a child),0,0,0,0,0,0,0,0,0,0,0,0,0,101,0,0,0,0,0,0,0,0,0,0,0,0,0,0,0,0,,,0
2013,Cardiology,KAR1,Cardiology and Devices,109,105,127,127,33,0,39,46,35,7,35,80,0,12,19,0,0,0,0,0,0,0,0,0,100,0,0,0,0,0,,,42
2013,Cardiology,KAR1.1,Interventional Cardiology (Coronary Procedures),1 684,615,1 826,1 462,12,0,21,33,16,8,40,25,2,37,8,1,5,0,0,0,0,0,0,0,773,2,0,0,0,0,,,4
2013,Cardiology,KAR1.1.1,Interventional Cardiology (Special Procedures),374,12,199,241,0,0,0,0,0,0,0,2,0,99,0,0,0,0,0,0,0,0,0,0,425,0,0,0,0,0,,,1
2013,Cardiology,KAR1.2,Electrophysiology (Ablation),140,0,65,63,1,0,0,0,0,0,1,0,0,34,1,0,0,0,0,0,0,0,0,0,251,0,0,0,0,0,,,1
2013,Cardiology,KAR1.3,Implantable Cardioverter Defibrillator / CRT,162,29,75,43,1,0,0,2,0,0,5,2,0,8,0,0,0,0,0,0,0,0,0,0,63,0,0,0,0,0,,,1
2013,Nephrologie,NEP1,nephrology (kidney failure),224,83,63,8,10,0,24,33,18,79,28,163,0,9,24,1,0,0,0,0,0,0,0,0,38,0,0,0,0,0,,,46
2013,urology,URO1,Urology without specialization 'Operative Urology',1 594,1 237,929,680,144,385,592,575,184,200,372,138,0,172,284,15,20,62,7,0,535,9,0,0,329,360,4,139,0,0,,,289
2013,urology,URO1.1,Urology with a focus on 'Operative Urology',127,60,86,99,21,36,26,62,22,25,36,26,0,79,14,1,0,0,0,0,56,0,0,0,21,21,7,2,0,0,,,27
2013,urology,URO1.1.1,Radical prostatectomy,106,97,30,153,2,26,21,12,2,0,9,0,0,0,17,0,0,0,0,0,33,0,0,0,21,5,0,4,0,0,,,22
2013,urology,URO1.1.2,Radical and simple cystectomy (IVHSM),33,17,20,20,0,0,0,6,0,0,1,0,0,0,11,0,0,0,0,0,0,0,0,0,4,1,0,0,0,0,,,6
2013,urology,URO1.1.3,Complex kidney surgery (tumor nephrectomy and partial kidney dissection),76,38,40,41,1,0,14,10,5,0,6,0,0,14,18,0,0,0,0,0,1,0,0,0,8,6,0,3,0,0,,,13
2013,urology,URO1.1.4,Isolated adrenalectomy,15,6,7,6,0,0,0,4,0,0,2,0,0,1,0,0,0,0,0,0,0,0,0,0,0,1,0,0,0,0,,,1
2013,urology,URO1.1.5,Plastic Reconstruction of the Pyeloureteral Junction,20,2,3,2,0,1,0,0,0,1,1,0,0,23,3,0,0,0,0,0,0,0,0,0,0,0,0,0,0,0,,,4
2013,urology,URO1.1.6,Plastic Reconstruction of the Urethra,26,8,0,2,0,1,0,1,0,0,2,0,0,71,0,0,0,0,0,0,1,0,0,0,0,0,0,0,0,0,,,0
2013,urology,URO1.1.7,Implantation of an artificial bladder sphincter,3,20,0,14,0,0,0,0,0,0,0,0,0,1,0,0,0,0,0,0,0,0,0,0,0,0,0,0,0,0,,,0
2013,urology,URO1.1.8,Percutaneous nephrostomy with disintegration of stone material,4,7,9,0,0,0,0,0,4,0,0,0,0,0,3,0,0,0,0,0,0,0,0,0,0,0,0,0,0,0,,,0
2013,Pneumologie,PNE1,Pneumologie,607,587,347,95,115,0,199,122,175,48,143,252,0,183,86,3,30,14,0,11,0,0,6,1,44,14,1,0,0,0,,,138
2013,Pneumologie,PNE1.1,Pneumology with specific ventilation therapy,31,7,2,0,4,0,2,4,3,1,1,10,0,3,0,0,2,0,0,0,0,0,0,0,0,0,0,0,0,0,,,0
2013,Pneumologie,PNE1.2,Assessment or status after lung transplantation,114,1,0,0,0,0,0,0,0,0,0,0,0,0,0,0,0,0,0,0,0,0,0,0,0,0,0,0,0,0,,,1
2013,Pneumologie,PNE1.3,cystic fibrosis,106,8,15,0,0,0,1,0,0,1,2,2,0,30,6,0,1,0,0,0,0,0,0,0,0,0,0,0,0,0,,,0
2013,Pneumologie,PNE2,Polysomnographie,2,1,8,0,0,0,1,1,0,0,2,1,0,20,1,0,0,0,0,3,0,0,0,0,0,0,0,0,0,0,,,0
2013,Thoraxchirurgie,THO1,Thoraxchirurgie,71,22,32,24,0,0,0,5,1,0,2,6,0,12,3,0,0,0,0,0,0,0,0,0,2,0,0,0,0,0,,,2
2013,Thoraxchirurgie,THO1.1,Malignant neoplasms of the respiratory system (curative resection by lobectomy and pneumonectomy),129,42,34,36,0,0,0,0,0,0,0,0,0,1,0,0,0,0,0,0,0,0,0,0,7,0,0,0,0,0,,,1
2013,Thoraxchirurgie,THO1.2,mediastinal interventions,75,16,5,11,1,0,0,0,0,0,0,1,0,1,0,0,0,0,0,0,0,0,0,0,7,0,0,0,0,0,,,0
2013,transplants,TPL1,heart transplants (IVHSM),595,1,0,0,0,0,1,0,0,0,0,2,0,23,0,0,0,0,0,0,0,0,0,0,0,0,0,0,0,0,,,2
2013,musculoskeletal system surgically,BEW1,surgery musculoskeletal system,552,569,265,488,101,225,192,252,208,226,151,209,1 609,266,79,1 150,56,92,16,0,2,9,0,0,378,67,71,61,10,9,,,180
2013,musculoskeletal system surgically,BEW2,orthopedics,119,154,52,122,21,158,55,56,31,104,46,67,274,149,43,207,24,37,4,0,1,24,0,2,78,24,97,8,30,0,,,17
2013,musculoskeletal system surgically,BEW3,hand surgery,211,125,95,110,50,33,76,117,64,14,26,37,164,55,80,94,12,6,6,0,16,0,0,0,154,60,57,8,3,0,,,46
2013,musculoskeletal system surgically,BEW4,Arthroscopy of the shoulder and elbow,6,10,6,23,4,4,12,2,8,4,2,21,162,0,1,58,4,18,2,0,0,0,0,0,37,2,0,2,0,0,,,3
2013,musculoskeletal system surgically,BEW5,arthroscopy of the knee,80,142,167,1 010,92,560,346,203,65,112,63,153,647,22,157,337,189,24,99,0,0,31,0,0,335,278,3,142,2,0,,,48
2013,musculoskeletal system surgically,BEW6,upper extremity reconstruction,18,163,44,360,28,327,120,118,60,34,75,193,1 211,1,37,613,62,213,3,0,0,0,0,0,209,61,62,75,42,0,,,50
2013,musculoskeletal system surgically,BEW7,lower extremity reconstruction,35,846,174,552,55,510,299,267,337,220,256,90,1 839,16,198,717,108,8,0,0,0,27,0,0,212,285,6,113,2,0,,,217
2013,musculoskeletal system surgically,BEW8,spinal surgery,248,607,334,754,85,208,1,1,1,473,1,5,1 021,15,42,722,0,2,0,0,0,0,0,0,211,116,15,83,9,0,,,4
2013,musculoskeletal system surgically,BEW8.1,Specialized spine surgery,66,52,10,60,3,1,0,0,0,93,0,0,200,14,2,110,0,0,0,0,0,0,0,0,24,12,4,13,0,0,,,0
2013,musculoskeletal system surgically,BEW9,tumors of the musculoskeletal system,4,0,0,1,0,1,1,0,0,0,2,1,3,5,0,16,0,0,0,0,0,0,0,0,3,0,0,0,0,0,,,0
2013,musculoskeletal system surgically,BEW10,plexus surgery,14,0,3,18,0,5,0,1,0,0,0,1,2,1,1,17,0,4,0,0,0,0,0,0,16,1,0,3,0,0,,,3
2013,musculoskeletal system surgically,BEW11,Replantationen,13,6,0,0,0,0,0,0,0,0,0,0,0,0,0,0,0,0,0,0,0,0,0,0,0,0,0,0,0,0,,,2
2013,rheumatology,RHE1,rheumatology,288,171,288,44,30,13,51,50,51,33,44,82,60,47,31,201,25,7,3,0,0,1,4,1,17,8,78,9,25,0,,,42
2013,rheumatology,RHE2,Interdisciplinary Rheumatology,59,7,15,2,3,0,2,1,1,2,3,2,0,13,6,0,2,0,0,0,0,0,1,0,0,1,0,0,0,0,,,2
2013,gynecology,GYN1,gynecology,1 089,562,434,591,213,181,291,275,155,259,424,11,0,19,205,0,62,73,20,0,1,0,0,0,309,296,7,80,1,0,,,247
2013,gynecology,GYN1.1,Malignant neoplasms of the vulva and vagina,10,1,3,1,0,1,0,1,0,0,1,0,0,0,1,0,0,0,0,0,0,0,0,0,0,1,0,1,0,0,,,1
2013,gynecology,GYN1.2,Malignant neoplasms of the cervix,16,0,0,5,1,0,0,2,1,2,2,0,0,0,0,0,0,0,0,0,0,0,0,0,0,0,0,0,0,0,,,0
2013,gynecology,GYN1.3,Malignant neoplasms of the corpus uteri,99,34,42,32,15,4,21,8,12,14,21,1,0,0,12,1,0,11,0,0,0,0,2,0,9,9,1,4,0,0,,,14
2013,gynecology,GYN1.4,Malignant neoplasms of the ovary,15,3,7,11,2,0,3,5,4,1,7,0,0,0,5,0,0,0,0,0,0,0,0,0,4,4,0,0,0,0,,,2
2013,gynecology,GYN2,Recognized certified breast center,329,168,99,308,13,25,41,71,82,58,75,0,0,0,46,0,14,37,203,0,0,0,0,0,44,95,143,35,0,4,,,70
2013,Procedures Related to Transsexuality,PLC1,Interventions related to transsexuality,14,0,0,0,0,0,0,0,0,0,0,0,0,0,0,0,0,0,0,0,0,0,0,0,0,0,0,0,0,0,,,0
2013,obstetrics,GEB1,Basic obstetric care (from 34 weeks of pregnancy and >= 2000g),3 665,1 964,2 223,1 179,779,6,1 086,1 220,1 469,1 762,1 083,2,0,0,581,0,398,555,1,0,0,0,0,0,654,443,3,231,0,0,,,967
2013,obstetrics,GEB1.1,Obstetrics (from 32 weeks of pregnancy and >= 1250g),189,27,16,3,1,0,2,4,6,3,2,0,0,0,2,0,1,1,0,0,0,0,0,0,0,0,0,0,0,0,,,6
2013,obstetrics,GEB1.1.1,Specialized Obstetrics,69,7,2,1,2,0,0,1,1,1,1,0,0,0,3,0,0,0,0,0,0,0,0,0,0,0,0,0,0,0,,,2
2013,newborns,NEO1,Basic care for newborns (from GA 35 0/7 weeks of pregnancy and GG 2000g),2 459,1 545,1 923,832,618,0,855,391,1 301,1 602,881,0,0,87,449,0,312,460,0,0,0,0,0,0,64,374,0,204,0,0,,,816
2013,newborns,NEO1.1,Neonatology (from GA 32 0/7 weeks of pregnancy and GG 1250g),207,17,32,7,2,0,2,3,10,44,10,0,0,11,5,0,2,0,0,0,0,0,0,0,4,0,0,1,0,0,,,12
2013,newborns,NEO1.1.1,Specialized Neonatology (from GA 28 0/7 weeks of pregnancy and GG 1000g) valid from 01.10.2024,197,175,7,3,3,0,3,3,44,0,1,0,0,143,2,0,1,1,0,0,0,0,0,0,0,0,0,3,0,0,,,3
2013,(radio) oncology,ONK1,oncology,252,233,162,92,15,0,22,8,9,18,43,32,0,97,5,0,11,36,0,0,0,0,0,0,33,55,0,4,0,0,,,5
2013,Radio-Oncology,RAO1,radiation oncology,230,179,234,48,0,0,1,1,0,8,0,0,0,1,0,1,1,0,0,0,12,0,0,0,4,2,0,0,0,0,,,0
2013,Nuclear Medicine,NUK1,nuclear medicine,178,132,75,15,0,0,4,0,1,4,1,3,1,0,0,0,0,0,0,0,0,0,0,0,0,0,0,0,0,0,,,0
2013,Serious injuries,UNF1,trauma surgery (polytrauma),83,34,25,2,3,0,3,12,8,2,8,8,0,6,6,0,2,0,0,0,0,0,0,0,2,0,0,0,0,0,,,4
2013,Serious injuries,UNF1.1,Specialized trauma surgery (traumatic brain injury),21,3,0,0,0,0,0,0,0,0,0,0,0,0,0,0,0,0,0,0,0,0,0,0,0,0,0,0,0,0,,,0
2013,Serious injuries,UNF2,Treatment of Severe Burns in Adults (IVHSM),34,3,2,0,1,0,0,0,0,0,2,0,0,5,0,0,0,0,0,0,0,0,0,0,0,0,0,0,0,0,,,0
