labels_ALL,Service sector,SPLG,SPLG_Description,Universitasspital Zurich,Kantonsspital Winterthur,Stadtspital Triemli,Klinik Hirslanden,See-Spital Standort Horgen,See-Spital Standort Kilchberg,Spital Uster,Spital Limmattal,Spital Bulach,Spital Zollikerberg,GZO AG Spital Wetzikon,Stadtspital Waid,Schulthess Klinik,Kinderspital Zurich,Spital Manedorf,Universitatsklinik Balgrist,Spital Affoltern,Paracelsus-Spital Richterswil,Limmatklinik,Klinik Lengg,Uroviva Klinik fur Urologie,Adus Medica,Klinik Susenberg,Sune-Egge,Klinik Im Park,Privatklinik Bethanien,Klinik Pyramide am See,"Klinik Pyramide 
Schwerzenbach",Klinik Lindberg,Klinik Tiefenbrunnen,Eulachklinik,"Schweizerisches 
Epilepsie-Zentrum",Spitaler Schaffhausen
2023,basic package,BP,Basic Package,9548,10810,15022,4148,4111,,4644,5458,4829,3743,4996,,412,4397,4268,860,1785,,177,6,205,103,185,147,1221,564,346,,347,65,,,
2023,dermatology,DER1,Dermatology (including sexually transmitted diseases),221,41,33,6,3,,9,14,12,1,7,,1,44,4,2,3,,0,0,0,0,0,1,2,0,8,,1,0,,,
2023,dermatology,DER1.1,Dermatological Oncology,314,20,7,1,0,0,0,0,0,1,0,0,2,0,0,0,0,,0,0,0,0,345,11,1,3,16,,0,,,,
2023,dermatology,DER1.2,Severe skin diseases,16,1,2,1,0,0,1,0,0,0,0,9,1,0,0,0,0,,0,0,0,0,31,0,0,0,0,,0,,,,
2023,dermatology,DER2,wound patients,33,19,13,1,3,1,3,4,0,2,0,9,3,3,0,0,0,,0,0,0,7,101,7,0,2,10,,0,,,,
2023,"ear, nose and throat",HNO1,"Ear, nose and throat (ENT surgery)",838,179,31,72,110,50,107,117,6,80,0,345,64,0,2,425,0,,0,9,0,0,2435,10,0,33,64,,0,,,,
2023,"ear, nose and throat",HNO1.1,neck and facial surgery,782,141,10,94,9,6,30,56,1,10,0,151,7,0,0,117,0,,0,3,0,0,1417,23,0,15,85,,0,,,,
2023,"ear, nose and throat",HNO1.1.1,Complex neck procedures (interdisciplinary tumor surgery),110,19,0,23,0,0,0,0,0,0,0,1,0,0,0,0,0,,0,0,0,0,153,0,0,0,1,,0,,,,
2023,"ear, nose and throat",HNO1.2,Advanced nasal surgery with sinuses,401,143,6,264,104,139,169,172,7,80,0,15,89,0,0,665,0,,0,25,0,0,2279,35,4,125,182,,5,,,,
2023,"ear, nose and throat",HNO1.2.1,"Advanced nasal surgery, paranasal sinuses with dura opening (interdisciplinary skull base surgery)",46,1,0,70,0,0,0,0,0,0,0,2,0,0,0,0,0,,0,0,0,0,119,0,0,0,0,,0,,,,
2023,"ear, nose and throat",HNO1.3,"Middle ear surgery (tympanoplasty, mastoid surgery, osiculoplasty including stapes operations)",495,3,0,2,0,0,12,0,11,0,0,10,1,0,0,0,0,,0,0,0,0,534,0,0,2,21,,0,,,,
2023,"ear, nose and throat",HNO1.3.1,Advanced ear surgery with inner ear and/or dura opening,34,0,0,17,0,0,0,0,0,0,0,0,0,0,1,0,0,,0,0,0,0,52,0,0,0,0,,0,,,,
2023,"ear, nose and throat",HNO1.3.2,cochlear implants (IVHSM),111,0,0,0,0,0,0,0,0,0,0,5,0,0,0,0,0,,0,0,0,0,116,0,0,0,0,,0,,,,
2023,"ear, nose and throat",HNO2,thyroid and parathyroid surgery,198,219,162,271,17,28,65,67,55,11,0,0,13,0,0,0,0,,0,0,0,0,1106,20,2,28,88,,0,,,,
2023,Oral surgery,KIE1,jaw surgery,209,121,2,2,3,0,0,0,1,2,0,36,1,0,1,301,0,,0,0,0,0,679,12,0,6,18,,0,,,,
2023,neurosurgery,NCH1,Cranial Neurosurgery,746,126,0,286,1,0,1,0,0,0,1,101,0,0,0,0,0,,0,0,0,0,1262,6,0,0,7,,0,,,,
2023,neurosurgery,NCH1.1,Specialized Neurosurgery,90,27,1,55,1,0,0,0,0,0,0,1,0,0,0,0,0,,0,0,0,0,175,0,0,0,1,,0,,,,
2023,neurosurgery,NCH1.1.1,Treatments of vascular diseases of the CNS without the complex vascular anomalies (IVHSM),281,2,2,121,0,0,0,0,0,0,0,9,0,0,0,0,0,,0,0,0,0,415,0,0,0,0,,0,,,,
2023,neurosurgery,NCH1.1.1.1,Treatments of complex vascular anomalies of the central nervous system (IVHSM),66,0,0,39,0,0,0,0,0,0,0,34,0,0,0,0,0,,0,0,0,0,139,0,0,0,0,,0,,,,
2023,neurosurgery,NCH1.1.2,Functional Neurosurgery (IVHSM),69,0,0,0,0,0,0,0,0,0,0,0,0,0,0,0,0,,0,0,0,0,69,0,0,0,0,,0,,,,
2023,neurosurgery,NCH1.1.3,Surgical Treatment of Refractory Epilepsy (IVHSM),17,0,0,0,0,0,0,0,0,0,0,12,0,0,0,0,0,,0,0,0,0,29,0,0,0,0,,0,,,,
2023,neurosurgery,NCH2,spinal neurosurgery,5,1,1,1,0,0,0,0,0,0,9,3,0,0,0,0,0,,0,0,0,0,20,0,0,0,0,,0,,,,
2023,neurosurgery,NCH2.1,Treatment of Rare Spinal Cord Tumors (IVHSM),7,0,0,0,0,0,0,0,0,0,0,1,0,1,0,0,0,,0,0,0,0,9,0,0,0,0,,0,,,,
2023,neurosurgery,NCH3,Peripheral Neurosurgery,11,8,1,1,0,0,0,1,0,0,0,0,2,1,0,0,0,,0,0,0,0,25,0,0,1,1,,0,,,,
2023,neurology,NEU1,neurology,161,129,116,65,18,60,70,23,19,51,0,99,35,0,7,0,46,,0,0,2,0,901,1,1,0,2,,0,,,,
2023,neurology,NEU2,Secondary Malignant Neoplasm of the Nervous System,70,28,31,24,9,9,20,10,6,19,0,2,9,1,3,0,1,,0,0,0,0,242,2,0,0,2,,0,,,,
2023,neurology,NEU2.1,Primary neoplasm of the CNS (excluding palliative patients),45,20,8,24,0,0,10,9,9,9,0,29,1,1,15,0,1,,0,0,0,1,182,0,0,0,0,,0,,,,
2023,neurology,NEU3,Cerebrovascular disorders,263,379,392,34,0,0,234,0,0,228,0,0,0,0,0,0,0,,0,0,0,0,1530,0,0,0,0,,0,,,,
2023,neurology,NEU3.1,Complex Treatment of Strokes (IVHSM),103,0,0,54,0,0,0,0,0,0,0,0,0,0,0,0,0,,0,0,0,0,157,0,0,0,0,,0,,,,
2023,neurology,NEU4,Epileptology: Complex Diagnostics,35,0,0,24,0,0,1,0,0,0,0,7,0,0,0,0,386,,0,0,0,0,453,0,0,0,0,,0,,,,
2023,neurology,NEU4.1,Epileptology: Complex Treatment,15,0,0,0,0,0,0,0,0,0,0,0,0,0,0,0,108,,0,0,0,0,123,0,0,0,0,,0,,,,
2023,neurology,NEU4.2,Presurgical Epilepsy Diagnostics (Phase I),73,0,0,1,0,0,0,0,0,0,0,149,0,0,0,0,433,,0,0,0,0,656,0,0,0,0,,0,,,,
2023,Ophthalmologie,AUG1,Ophthalmologie,124,51,99,3,2,0,0,0,0,2,0,4,0,0,0,9,0,,0,0,0,0,294,1,0,23,24,,0,,,,
2023,Ophthalmologie,AUG1.1,strabology,11,0,10,0,0,0,0,0,0,0,0,0,0,0,0,34,0,,0,0,0,0,55,0,0,0,0,,0,,,,
2023,Ophthalmologie,AUG1.2,"orbit, eyelids, tear ducts",92,5,22,3,0,0,0,0,1,1,0,5,0,0,0,4,0,,0,0,0,0,133,3,0,15,28,,10,,,,
2023,Ophthalmologie,AUG1.3,Specialized anterior segment surgery (including glaucoma),41,171,45,11,0,0,0,0,0,0,0,1,0,0,0,66,0,,0,0,0,0,335,44,0,17,61,,0,,,,
2023,Ophthalmologie,AUG1.4,cataract,52,151,148,0,0,0,0,0,0,0,0,0,0,0,0,2,0,,0,0,0,0,353,26,0,25,51,,0,,,,
2023,Ophthalmologie,AUG1.5,vitreous and retinal problems,1058,124,468,0,0,0,0,0,0,0,0,0,0,0,0,7,0,,0,0,0,0,1657,15,0,0,15,,0,,,,
2023,endocrinology,END1,endocrinology,233,105,145,32,33,66,44,56,34,68,0,85,42,2,20,1,0,,0,0,5,2,973,7,0,1,10,,0,,,,
2023,gastroenterology,GAE1,gastroenterology,733,697,807,630,165,264,478,346,265,302,0,122,230,0,44,0,0,,0,0,0,1,5084,150,0,0,162,,0,,,,
2023,gastroenterology,GAE1.1,Specialized Gastroenterology,210,174,205,138,11,43,103,86,49,184,0,9,37,0,3,0,0,,0,0,0,0,1252,44,0,0,50,,0,,,,
2023,visceral surgery,VIS1,visceral surgery,625,476,511,560,96,144,300,157,87,211,0,118,138,0,0,1,0,,0,0,0,0,3424,118,18,73,265,,0,,,,
2023,visceral surgery,VIS1.1,pancreatectomy in adults (IVHSM),35,50,48,48,0,0,0,0,0,0,0,0,0,0,0,0,0,,0,0,0,0,181,4,0,0,6,,0,,,,
2023,visceral surgery,VIS1.2,liver resection in adults (IVHSM),55,51,26,34,0,0,0,0,0,0,0,0,0,0,0,0,0,,0,0,0,0,166,8,0,0,9,,0,,,,
2023,visceral surgery,VIS1.3,esophagectomy in adults (IVHSM),42,23,11,35,0,0,0,0,0,0,0,4,0,0,0,0,0,,0,0,0,0,115,4,0,0,4,,0,,,,
2023,visceral surgery,VIS1.4,Bariatric surgery,27,46,73,89,0,0,170,39,0,83,0,0,131,0,0,0,0,,0,0,0,0,658,2,0,0,2,,0,,,,
2023,visceral surgery,VIS1.4.1,Komplexe bariatrische Chirurgie (IVHSM),53,1,2,34,1,1,121,3,0,44,0,0,6,0,0,0,0,,0,0,0,0,266,0,0,5,5,,0,,,,
2023,visceral surgery,VIS1.5,Deep Rectal Resection in Adults (IVHSM),59,50,26,25,0,5,9,0,0,1,0,0,0,0,0,0,0,,0,0,0,0,175,0,0,0,1,,0,,,,
2023,hematology,HAE1,Aggressive Lymphome und akute Leuk?ien,398,52,30,21,7,32,11,6,3,16,0,233,10,0,7,0,0,,0,0,0,0,826,3,0,0,3,,0,,,,
2023,hematology,HAE1.1,Highly aggressive lymphomas and acute leukemias,94,4,0,0,0,0,0,0,0,0,0,18,0,0,0,0,0,,0,0,0,0,116,0,0,0,0,,0,,,,
2023,hematology,HAE2,Indolent lymphomas and chronic leukemias,637,197,198,192,18,75,60,72,42,76,0,12,72,7,26,1,0,,0,0,12,0,1697,28,1,0,32,,0,,,,
2023,hematology,HAE3,Myelodysplastische Syndrome,87,38,43,11,5,25,10,9,15,19,0,9,13,0,8,0,0,,0,0,2,0,294,4,0,0,5,,0,,,,
2023,hematology,HAE4,Autologous blood stem cell transplantation,95,0,31,52,0,0,0,0,0,0,0,5,0,0,0,0,0,,0,0,0,0,183,0,0,0,0,,0,,,,
2023,hematology,HAE5,Allogeneic hematopoietic stem cell transplantation in adults (IVHSM),85,0,0,0,0,0,0,0,0,0,0,30,0,0,0,0,0,,0,0,0,0,115,0,0,0,0,,0,,,,
2023,vessels,GEF1,vascular surgery peripheral vessels (arterial),125,195,78,139,2,2,23,0,0,0,0,4,1,6,0,0,0,,0,0,0,0,575,38,0,0,39,,0,,,,
2023,Angiology,ANG1,interventions peripheral vessels (arterial),329,157,118,129,7,0,40,20,2,2,0,1,27,4,0,0,0,,0,0,0,0,836,104,0,0,118,,0,,,,
2023,vessels,GEFA,Interventions and vascular surgery intra-abdominal vessels,626,296,160,314,2,5,10,2,0,2,0,54,0,0,0,0,0,,0,0,0,0,1471,57,0,1,66,,0,,,,
2023,vessels,GEF3,vascular surgery carotid,83,28,28,91,0,0,12,0,0,0,2,4,0,1,0,0,0,,0,0,0,0,249,4,1,0,5,,0,,,,
2023,Angiology,ANG3,Interventions carotid and extracranial vessels,88,24,13,24,0,0,0,0,0,0,0,0,0,0,0,0,0,,0,0,0,0,149,1,0,0,1,,0,,,,
2023,Radiology,RAD1,Interventional Radiology,115,31,28,128,0,46,1,1,1,1,0,42,21,0,0,0,0,,0,0,0,0,415,8,0,0,8,,0,,,,
2023,Radiology,RAD2,Interventional Radiology EBIR,30,4,3,2,0,0,0,0,0,0,0,17,0,0,0,0,0,,0,0,0,0,56,0,0,0,0,,0,,,,
2023,Heart,HER1,Simple heart surgery,18,4,16,3,0,0,0,1,0,1,0,0,0,0,0,0,0,,0,0,0,0,43,1,0,0,1,,0,,,,
2023,Heart,HER1.1,Cardiac surgery and vascular interventions with heart-lung machine,58,2,20,20,0,0,0,1,0,0,0,58,0,0,0,0,0,,0,0,0,0,159,7,0,0,7,,0,,,,
2023,Heart,HER1.1.1,coronary artery surgery (CABG),355,0,261,256,0,0,0,0,0,0,0,0,0,0,0,0,0,,0,0,0,0,872,57,0,0,57,,0,,,,
2023,Heart,HER1.1.2,Complex Congenital Cardiac Surgery/Cardiology (including surgery as a child),0,0,0,0,0,0,0,0,0,0,0,15,0,0,0,0,0,,0,0,0,0,15,0,0,0,0,,0,,,,
2023,Heart,HER1.1.3,Surgery and Interventions on the Thoracic Aorta,70,0,37,18,0,0,0,0,0,0,0,72,0,0,0,0,0,,0,0,0,0,197,6,0,0,6,,0,,,,
2023,Heart,HER1.1.4,Open surgery on the aortic valve,274,0,160,224,0,0,0,0,0,0,0,12,0,0,0,0,0,,0,0,0,0,670,35,0,0,35,,0,,,,
2023,Heart,HER1.1.5,Open interventions on the mitral valve,174,0,104,200,0,0,0,0,0,0,0,8,0,0,0,0,0,,0,0,0,0,486,25,0,0,25,,0,,,,
2023,Heart,HER1.1.6,ventricular assist devices in adults (IVHSM),11,0,1,0,0,0,0,0,0,0,0,0,0,0,0,0,0,,0,0,0,0,12,0,0,0,0,,0,,,,
2023,Cardiology,KAR1,Cardiology and Devices,271,92,327,251,0,21,62,20,20,33,0,12,1,0,0,0,0,,0,0,0,0,1110,116,0,0,126,,0,,,,
2023,Cardiology,KAR2,electrophysiology and CRT,609,178,481,788,0,0,0,0,0,166,0,56,0,0,0,0,0,,0,0,0,0,2278,567,0,0,568,,0,,,,
2023,Cardiology,KAR3,"Interventional Cardiology, Coronary Interventions",1693,867,1719,1563,5,16,11,2,10,34,0,74,8,1,0,0,0,,0,0,0,0,6003,766,0,34,894,,0,,,,
2023,Cardiology,KAR3.1,"Interventional Cardiology, Structural Interventions",81,5,21,24,1,1,0,0,0,0,0,2,0,0,0,0,0,,0,0,0,0,135,30,0,0,30,,0,,,,
2023,Cardiology,KAR3.1.1,"Complex interventional cardiology, structural interventions",423,15,202,429,0,1,0,0,0,0,0,37,1,0,0,0,0,,0,0,0,0,1108,133,0,0,133,,0,,,,
2023,Nephrologie,NEP1,nephrology (kidney failure),230,119,158,55,31,10,34,7,56,26,0,6,38,1,0,0,0,,0,0,3,0,774,38,2,0,40,,0,,,,
2023,urology,URO1,Urology without specialization 'Operative Urology',1198,1264,1342,919,791,652,590,128,241,373,0,164,589,68,5,113,0,,992,3,0,0,9432,380,110,29,741,,0,,,,
2023,urology,URO1.1,Urology with a focus on 'Operative Urology',177,195,157,157,59,102,109,4,110,54,0,104,76,1,0,0,0,,156,0,0,0,1461,12,4,4,43,,0,,,,
2023,urology,URO1.1.1,Radical prostatectomy,85,97,82,266,38,39,29,0,0,0,0,0,75,0,0,0,0,,108,0,0,0,819,51,0,0,70,,0,,,,
2023,urology,URO1.1.2,Radical and simple cystectomy (IVHSM),16,38,22,36,0,0,0,0,0,0,0,0,15,0,0,0,0,,0,0,0,0,127,2,0,0,2,,0,,,,
2023,urology,URO1.1.3,Complex kidney surgery (tumor nephrectomy and partial kidney dissection),30,43,24,34,7,5,26,0,0,0,0,5,21,0,0,0,0,,2,0,0,0,197,3,0,0,10,,0,,,,
2023,urology,URO1.1.4,Isolated adrenalectomy,32,19,13,15,2,2,1,2,0,0,0,6,0,0,0,0,0,,0,0,0,0,92,1,0,0,1,,0,,,,
2023,urology,URO1.1.7,Implantation of an artificial bladder sphincter,6,12,1,34,3,0,0,0,0,0,0,0,1,0,0,0,0,,6,0,0,0,63,0,0,0,3,,0,,,,
2023,urology,URO1.1.8,Percutaneous nephrostomy with disintegration of stone material,45,13,23,4,0,0,18,6,1,0,0,0,1,0,0,0,0,,0,0,0,0,111,0,0,0,0,,0,,,,
2023,Pneumologie,PNE1,Pneumologie,700,414,490,94,118,211,155,146,69,159,1,119,68,4,14,0,0,,0,0,2,4,2768,94,0,0,101,,0,,,,
2023,Pneumologie,PNE1.1,Pneumology with specific ventilation therapy,13,5,2,0,0,0,2,2,0,3,0,1,0,0,0,0,0,,0,0,0,0,28,0,0,0,0,,0,,,,
2023,Pneumologie,PNE1.2,Assessment or status after lung transplantation,746,0,2,0,0,0,0,0,0,0,0,0,1,1,0,0,0,,0,0,0,0,750,0,0,0,0,,0,,,,
2023,Pneumologie,PNE1.3,cystic fibrosis,27,8,0,0,0,1,0,0,0,0,0,12,0,0,0,0,0,,0,0,0,0,48,0,0,0,0,,0,,,,
2023,Pneumologie,PNE2,Polysomnographie,49,29,3,0,2,0,1,9,1,2,0,91,0,0,0,0,3,,0,0,0,0,190,2,0,0,2,,0,,,,
2023,Thoraxchirurgie,THO1,Thoraxchirurgie,48,40,12,23,0,0,0,0,0,0,0,9,1,0,0,0,0,,0,0,0,0,133,1,0,0,6,,0,,,,
2023,Thoraxchirurgie,THO1.1,Malignant neoplasms of the respiratory system (curative resection by lobectomy and pneumonectomy),96,108,62,83,0,0,0,0,1,0,0,1,1,0,0,0,0,,0,0,0,0,352,1,0,0,12,,0,,,,
2023,Thoraxchirurgie,THO1.2,mediastinal interventions,96,32,18,44,0,0,1,0,0,0,0,3,0,0,0,0,0,,0,0,0,0,194,2,0,0,8,,0,,,,
2023,transplants,TPL1,heart transplants (IVHSM),19,0,0,0,0,0,0,0,0,0,0,4,0,0,0,0,0,,0,0,0,0,23,0,0,0,0,,0,,,,
2023,transplants,TPL2,lung transplants (IVHSM),36,0,0,0,0,0,0,0,0,0,0,0,0,0,0,0,0,,0,0,0,0,36,0,0,0,0,,0,,,,
2023,transplants,TPL3,liver transplants (IVHSM),59,0,0,0,0,0,0,0,0,0,0,0,0,0,0,0,0,,0,0,0,0,59,0,0,0,0,,0,,,,
2023,transplants,TPL4,Pankreas- und Inseltransplantationen (IVHSM),7,0,0,0,0,0,0,0,0,0,0,0,0,0,0,0,0,,0,0,0,0,7,0,0,0,0,,0,,,,
2023,transplants,TPL5,Nierentransplantationen (IVHSM),102,0,0,0,0,0,0,0,0,0,0,3,0,0,0,0,0,,0,0,0,0,105,0,0,0,0,,0,,,,
2023,transplants,TPL6,Darmtransplantation,,,,,,,,,,,,,,,,,,,,,,,0,,,,0,,,,,,
2023,transplants,TPL7,Milztransplantation,,,,,,,,,,,,,,,,,,,,,,,0,,,,0,,,,,,
2023,musculoskeletal system surgically,BEW1,surgery musculoskeletal system,507,748,708,468,220,243,260,202,151,202,1328,198,212,1418,4,46,0,,0,146,0,2,7063,251,120,99,648,,0,,,,
2023,musculoskeletal system surgically,BEW2,orthopedics,149,154,196,120,65,115,92,49,83,38,691,108,68,313,9,50,0,,0,81,6,9,2396,86,25,26,182,,0,,,,
2023,musculoskeletal system surgically,BEW3,hand surgery,177,188,124,43,5,28,50,54,9,20,149,73,36,162,1,30,0,,0,0,0,0,1149,44,9,73,160,,0,,,,
2023,musculoskeletal system surgically,BEW4,Arthroscopy of the shoulder and elbow,0,11,21,15,10,15,2,4,18,3,73,1,11,33,0,0,0,,0,24,0,0,241,11,0,0,17,,0,,,,
2023,musculoskeletal system surgically,BEW5,arthroscopy of the knee,97,196,235,763,139,125,92,60,12,20,687,39,53,610,0,2,0,,0,131,0,0,3261,110,161,47,578,,0,,,,
2023,musculoskeletal system surgically,BEW6,upper extremity reconstruction,17,255,241,212,205,335,179,83,245,41,1200,1,160,697,0,12,0,,0,176,0,0,4059,79,80,36,409,,0,,,,
2023,musculoskeletal system surgically,BEW7,lower extremity reconstruction,3,30,49,35,14,26,15,4,2,5,166,22,7,201,0,2,0,,0,80,0,0,661,28,28,20,146,,0,,,,
2023,musculoskeletal system surgically,BEW7.1,first hip prosthesis,58,414,291,206,201,203,148,235,100,55,1239,0,117,490,0,0,0,,0,0,0,0,3757,74,179,19,487,,0,,,,
2023,musculoskeletal system surgically,BEW7.1.1,Wechseloperationen H?tprothesen,14,106,7,29,12,20,8,10,16,10,126,0,9,94,0,0,0,,0,0,0,0,461,5,8,2,28,,0,,,,
2023,musculoskeletal system surgically,BEW7.2,first knee prosthesis,2,337,310,327,251,218,187,195,124,34,1046,0,138,308,0,0,0,,0,0,0,0,3477,64,206,54,584,,0,,,,
2023,musculoskeletal system surgically,BEW7.2.1,Wechseloperationen Knieprothesen,0,14,2,27,6,13,7,9,3,8,87,0,10,92,0,0,0,,0,0,0,0,278,7,12,18,71,,0,,,,
2023,musculoskeletal system surgically,BEW8,spinal surgery,298,486,316,745,158,0,3,1,559,1,1160,19,96,906,0,0,0,,0,0,0,1,4749,231,75,3,429,,0,,,,
2023,musculoskeletal system surgically,BEW8.1,Specialized spine surgery,75,76,61,215,32,0,0,0,180,0,150,1,2,262,0,0,0,,0,0,0,0,1054,94,17,2,175,,0,,,,
2023,musculoskeletal system surgically,BEW8.1.1,Highly complex spine surgery,22,14,3,37,3,0,0,0,0,0,47,6,0,51,0,0,0,,0,0,0,0,183,8,0,0,8,,0,,,,
2023,musculoskeletal system surgically,BEW9,tumors of the musculoskeletal system,0,2,0,0,0,0,0,0,0,0,1,2,0,36,0,0,0,,0,0,0,0,41,1,0,0,1,,0,,,,
2023,musculoskeletal system surgically,BEW10,plexus surgery,14,0,0,3,0,2,0,0,0,0,2,0,1,10,0,0,0,,0,0,0,0,32,0,0,0,0,,0,,,,
2023,musculoskeletal system surgically,BEW11,Replantationen,8,3,0,0,0,0,0,0,0,0,0,0,0,0,0,0,0,,0,0,0,0,11,0,0,0,0,,0,,,,
2023,rheumatology,RHE1,rheumatology,253,54,90,17,19,20,25,26,24,22,10,24,23,52,8,1,0,,1,0,5,2,676,7,0,0,9,,0,,,,
2023,rheumatology,RHE2,Interdisciplinary Rheumatology,177,16,18,1,2,2,2,1,3,1,0,13,2,0,0,0,0,,0,0,0,0,238,0,0,0,2,,0,,,,
2023,gynecology,GYN1,gynecology,786,496,618,403,527,207,443,178,390,293,0,33,224,1,0,1,0,,13,0,0,0,4613,185,8,56,491,,0,,,,
2023,gynecology,GYNT,Gynecological tumors,81,91,61,48,4,2,28,17,35,32,0,0,2,0,0,0,0,,0,0,0,0,401,5,0,0,12,,0,,,,
2023,gynecology,GYN2,Recognized certified breast center,155,209,103,450,128,0,68,70,195,74,0,0,49,0,0,0,0,,0,0,0,0,1501,89,2,82,245,,0,,,,
2023,Procedures Related to Transsexuality,PLC1,Interventions related to transsexuality,70,0,0,0,0,0,0,0,0,0,0,0,0,0,0,75,0,,0,0,0,0,145,0,0,0,0,,0,,,,
2023,obstetrics,GEB1,Basic obstetric care (from 34 weeks of pregnancy and >= 2000g),2604,2189,2475,972,833,867,1196,1313,2285,775,0,0,510,0,2,0,0,,0,0,0,0,16021,503,0,0,876,,0,,,,
2023,obstetrics,GEB1.1,Obstetrics (from 32 weeks of pregnancy and >= 1250g),186,36,5,1,1,0,0,6,8,0,0,0,1,0,0,0,0,,0,0,0,0,244,0,0,0,1,,0,,,,
2023,obstetrics,GEB1.1.1,Specialized Obstetrics,112,4,2,0,0,0,0,2,3,1,0,0,1,0,0,0,0,,0,0,0,0,125,0,0,0,1,,0,,,,
2023,newborns,NEO1,Basic care for newborns (from GA 35 0/7 weeks of pregnancy and GG 2000g),1756,1672,2051,935,720,733,1013,1063,1897,630,0,24,438,0,0,0,0,,0,0,0,0,12932,494,0,0,854,,0,,,,
2023,newborns,NEO1.1,Neonatology (from GA 32 0/7 weeks of pregnancy and GG 1250g),443,385,298,8,5,2,5,152,322,11,0,99,5,0,0,0,0,,0,0,0,0,1735,2,0,0,8,,0,,,,
2023,newborns,NEO1.1.1,Specialized Neonatology (from GA 28 0/7 weeks of pregnancy and GG 1000g) valid from 01.10.2024,288,25,3,0,0,1,2,4,13,0,0,127,1,0,0,0,0,,0,0,0,0,464,0,0,0,0,,0,,,,
2023,newborns,NEO1.1.1.1,Highly specialized neonatology (GA < 28 0/7 weeks of pregnancy and GG < 1000g),118,8,1,0,0,0,0,1,0,0,0,2,0,0,0,0,0,,0,0,0,0,130,0,0,0,0,,0,,,,
2023,(radio) oncology,ONK1,oncology,197,141,130,43,1,4,20,2,3,14,0,198,7,0,2,0,0,,0,0,0,0,762,25,0,0,27,,0,,,,
2023,Radio-Oncology,RAO1,radiation oncology,235,181,145,84,0,0,2,2,6,0,0,3,24,0,0,0,0,,18,0,0,0,700,1,0,0,1,,0,,,,
2023,Nuclear Medicine,NUK1,nuclear medicine,194,78,121,13,0,0,0,0,0,0,0,0,0,0,0,0,0,,0,0,0,0,406,0,0,0,0,,0,,,,
2023,Serious injuries,UNF1,trauma surgery (polytrauma),159,36,29,3,2,8,1,5,3,4,0,5,1,6,1,0,0,,0,0,0,0,263,0,0,0,1,,0,,,,
2023,Serious injuries,UNF1.1,Specialized trauma surgery (traumatic brain injury),180,40,36,12,11,11,9,13,8,18,1,17,8,8,0,0,0,,0,0,1,0,373,1,0,0,1,,0,,,,
2023,Serious injuries,UNF2,Treatment of Severe Burns in Adults (IVHSM),75,2,1,0,1,2,2,0,2,0,0,16,0,0,1,0,0,,0,0,0,0,102,1,0,0,1,,0,,,,
