labels_ALL,Service sector,SPLG,SPLG_Description,Universitasspital Zurich,Kantonsspital Winterthur,Stadtspital Triemli,Klinik Hirslanden,See-Spital Standort Horgen,See-Spital Standort Kilchberg,Spital Uster,Spital Limmattal,Spital Bulach,Spital Zollikerberg,GZO AG Spital Wetzikon,Stadtspital Waid,Schulthess Klinik,Kinderspital Zurich,Spital Manedorf,Universitatsklinik Balgrist,Spital Affoltern,Paracelsus-Spital Richterswil,Limmatklinik,Klinik Lengg,Uroviva Klinik fur Urologie,Adus Medica,Klinik Susenberg,Sune-Egge,Klinik Im Park,Privatklinik Bethanien,Klinik Pyramide am See,"Klinik Pyramide 
Schwerzenbach",Klinik Lindberg,Klinik Tiefenbrunnen,Eulachklinik,"Schweizerisches 
Epilepsie-Zentrum",Spitaler Schaffhausen
2019,basic package,BP,Basic Package,10320,10949,9216,3829,3778,359,4711,4908,4695,3368,5077,5671,577,4722,3824,801,2061,480,202,13,196,118,185,107,1076,594,494,,419,70,,,
2019,dermatology,DER1,Dermatology (including sexually transmitted diseases),310,51,19,11,8,0,7,12,6,10,7,6,0,49,13,0,2,1,1,0,0,0,0,2,3,3,0,,0,0,,,
2019,dermatology,DER1.1,Dermatological Oncology,325,11,9,5,0,0,2,1,0,0,0,0,0,0,0,0,0,1,0,0,0,0,0,0,7,1,1,,0,0,,,
2019,dermatology,DER1.2,Severe skin diseases,11,1,0,0,0,0,0,0,1,0,0,0,0,3,0,0,0,0,0,0,0,0,0,0,0,0,0,,0,0,,,
2019,dermatology,DER2,wound patients,62,15,8,5,3,0,6,4,1,3,1,8,0,11,4,4,3,0,0,0,0,0,0,3,6,0,2,,0,0,,,
2019,"ear, nose and throat",HNO1,"Ear, nose and throat (ENT surgery)",840,158,24,64,67,64,92,109,97,5,105,52,0,285,78,0,27,4,213,1,0,73,0,0,13,25,33,,2,0,,,
2019,"ear, nose and throat",HNO1.1,neck and facial surgery,710,115,10,47,18,3,5,31,35,0,12,30,0,150,12,0,1,0,85,0,0,2,0,0,14,56,15,,4,0,,,
2019,"ear, nose and throat",HNO1.1.1,Complex neck procedures (interdisciplinary tumor surgery),47,3,0,1,0,0,0,0,0,0,1,2,0,0,0,0,0,0,2,0,0,0,0,0,0,1,0,,0,0,,,
2019,"ear, nose and throat",HNO1.2,Advanced nasal surgery with sinuses,532,119,1,301,155,26,133,63,86,20,100,67,0,17,70,0,20,15,423,0,0,104,0,0,13,13,93,,40,5,,,
2019,"ear, nose and throat",HNO1.2.1,"Advanced nasal surgery, paranasal sinuses with dura opening (interdisciplinary skull base surgery)",13,0,0,63,0,0,0,0,0,0,0,0,0,0,0,0,0,0,0,0,0,0,0,0,0,0,0,,0,0,,,
2019,"ear, nose and throat",HNO1.3,"Middle ear surgery (tympanoplasty, mastoid surgery, osiculoplasty including stapes operations)",446,5,0,4,0,0,0,9,0,4,0,0,0,5,1,0,0,0,0,0,0,0,0,0,0,19,3,,0,0,,,
2019,"ear, nose and throat",HNO1.3.1,Advanced ear surgery with inner ear and/or dura opening,5,0,0,4,0,0,0,0,0,0,0,0,0,0,0,0,0,0,0,0,0,0,0,0,0,0,0,,0,0,,,
2019,"ear, nose and throat",HNO1.3.2,cochlear implants (IVHSM),75,0,0,0,0,0,0,0,0,0,0,0,0,11,0,0,0,0,0,0,0,0,0,0,0,0,0,,0,0,,,
2019,"ear, nose and throat",HNO2,thyroid and parathyroid surgery,180,157,131,230,1,20,22,44,75,71,24,17,0,0,12,0,0,0,0,0,0,0,0,0,1,32,18,,1,0,,,
2019,Oral surgery,KIE1,jaw surgery,376,80,1,5,0,1,2,2,1,0,0,2,1,33,2,0,1,1,41,0,0,1,2,0,4,2,17,,0,0,,,
2019,neurosurgery,NCH1,Cranial Neurosurgery,751,129,0,315,0,0,0,0,1,0,0,0,4,120,0,0,0,0,6,0,0,0,0,0,6,5,11,,0,0,,,
2019,neurosurgery,NCH1.1,Specialized Neurosurgery,76,4,4,39,0,0,0,1,0,0,0,0,0,4,0,0,0,0,0,0,0,0,0,0,0,0,0,,1,0,,,
2019,neurosurgery,NCH1.1.1,Treatments of vascular diseases of the CNS without the complex vascular anomalies (IVHSM),235,4,0,105,0,0,0,0,0,0,0,0,0,2,0,1,0,0,0,0,0,0,0,0,0,0,0,,0,0,,,
2019,neurosurgery,NCH1.1.1.1,Treatments of complex vascular anomalies of the central nervous system (IVHSM),42,0,0,24,0,0,0,0,0,0,0,0,0,27,0,0,0,0,0,0,0,0,0,0,0,0,0,,0,0,,,
2019,neurosurgery,NCH1.1.2,Functional Neurosurgery (IVHSM),57,0,0,0,0,0,0,0,0,0,0,0,0,0,0,0,0,0,0,0,0,0,0,0,1,0,0,,0,0,,,
2019,neurosurgery,NCH1.1.3,Surgical Treatment of Refractory Epilepsy (IVHSM),12,0,0,0,0,0,0,0,0,0,0,0,0,2,0,0,0,0,0,0,0,0,0,0,0,0,0,,0,0,,,
2019,neurosurgery,NCH2,spinal neurosurgery,4,0,0,7,0,0,0,0,0,0,0,0,0,3,0,0,0,0,0,0,0,0,0,0,0,0,0,,0,0,,,
2019,neurosurgery,NCH2.1,Treatment of Rare Spinal Cord Tumors (IVHSM),10,1,0,5,0,0,0,0,0,0,0,0,0,0,0,0,0,0,0,0,0,0,0,0,0,0,0,,0,0,,,
2019,neurosurgery,NCH3,Peripheral Neurosurgery,18,5,0,4,0,0,0,0,0,0,0,0,2,1,0,1,0,0,0,0,0,0,0,0,1,1,25,,4,0,,,
2019,neurology,NEU1,neurology,214,92,86,85,22,0,60,46,29,17,56,21,0,135,38,0,10,1,0,58,0,0,0,0,2,0,0,,0,0,,,
2019,neurology,NEU2,Secondary Malignant Neoplasm of the Nervous System,93,23,15,18,8,0,13,15,7,3,11,11,1,11,9,0,4,2,0,0,0,0,2,0,3,1,0,,0,0,,,
2019,neurology,NEU2.1,Primary neoplasm of the CNS (excluding palliative patients),86,18,7,23,2,0,3,7,11,0,7,2,0,52,3,0,1,1,0,0,0,0,1,0,0,1,0,,0,0,,,
2019,neurology,NEU3,Cerebrovascular disorders,788,461,391,394,68,0,176,172,109,55,165,137,0,53,106,1,32,0,0,0,0,0,2,1,17,2,0,,2,0,,,
2019,neurology,NEU3.1,Complex Treatment of Strokes (IVHSM),109,0,0,42,0,0,0,0,0,0,0,0,0,0,0,0,0,0,0,0,0,0,0,0,0,0,0,,0,0,,,
2019,neurology,NEU4,Epileptology: Complex Diagnostics,20,0,1,44,0,0,0,0,0,0,0,0,0,53,0,0,0,0,0,348,0,0,0,0,0,0,0,,0,0,,,
2019,neurology,NEU4.1,Epileptology: Complex Treatment,52,0,0,0,0,0,0,0,0,0,0,0,0,2,0,0,0,0,0,56,0,0,0,0,0,0,0,,0,0,,,
2019,neurology,NEU4.2,Presurgical Epilepsy Diagnostics (Phase I),62,0,0,0,0,0,0,0,0,0,0,0,0,15,0,0,0,0,0,411,0,0,0,0,0,0,0,,0,0,,,
2019,Ophthalmologie,AUG1,Ophthalmologie,235,81,22,0,0,0,0,0,0,0,0,1,0,6,0,0,0,0,3,0,0,0,0,0,11,0,17,,0,0,,,
2019,Ophthalmologie,AUG1.1,strabology,55,0,2,0,0,0,0,0,0,0,0,0,0,0,0,0,0,0,15,0,0,0,0,0,0,0,0,,0,0,,,
2019,Ophthalmologie,AUG1.2,"orbit, eyelids, tear ducts",48,16,2,5,1,0,0,0,0,0,0,0,0,1,1,0,0,0,6,0,0,0,0,0,4,1,22,,1,13,,,
2019,Ophthalmologie,AUG1.3,Specialized anterior segment surgery (including glaucoma),126,154,167,0,0,0,0,0,0,0,0,0,0,0,0,0,0,0,76,0,0,0,0,0,94,0,7,,0,0,,,
2019,Ophthalmologie,AUG1.4,cataract,113,470,274,83,0,0,0,0,0,4,0,0,0,0,0,0,0,0,6,0,0,0,0,0,42,0,72,,0,0,,,
2019,Ophthalmologie,AUG1.5,vitreous and retinal problems,912,121,355,0,0,0,0,0,0,1,0,0,0,0,0,0,0,0,135,0,0,0,0,0,39,0,1,,0,0,,,
2019,endocrinology,END1,endocrinology,189,183,80,56,56,1,74,78,59,50,103,99,0,100,35,3,17,0,0,0,1,0,3,0,3,5,0,,2,0,,,
2019,gastroenterology,GAE1,gastroenterology,861,744,641,516,211,0,517,365,353,198,262,464,0,106,266,0,98,59,1,0,0,0,0,0,117,23,0,,2,0,,,
2019,gastroenterology,GAE1.1,Specialized Gastroenterology,206,160,162,109,22,0,33,73,83,48,110,87,0,1,35,0,6,1,0,0,0,0,0,0,44,10,1,,0,0,,,
2019,visceral surgery,VIS1,visceral surgery,754,396,355,496,87,1,108,179,172,90,156,130,0,120,186,0,8,4,0,0,0,1,0,0,117,56,31,,25,0,,,
2019,visceral surgery,VIS1.1,pancreatectomy in adults (IVHSM),48,43,51,42,0,0,0,0,0,1,0,0,0,3,0,0,0,0,0,0,0,0,0,0,3,0,0,,0,0,,,
2019,visceral surgery,VIS1.2,liver resection in adults (IVHSM),63,50,27,35,0,0,0,0,0,0,0,0,0,0,0,0,0,0,0,0,0,0,0,0,3,0,0,,0,0,,,
2019,visceral surgery,VIS1.3,esophagectomy in adults (IVHSM),41,19,22,24,0,0,0,0,0,0,0,0,0,8,0,0,0,0,0,0,0,0,0,0,0,0,0,,0,0,,,
2019,visceral surgery,VIS1.4,Bariatric surgery,114,0,40,103,0,0,0,168,0,0,103,1,0,0,108,0,0,0,0,0,0,0,0,0,0,0,0,,1,0,,,
2019,visceral surgery,VIS1.4.1,Komplexe bariatrische Chirurgie (IVHSM),30,0,1,58,0,0,0,79,0,0,17,1,0,0,0,0,0,0,0,0,0,0,0,0,0,1,2,,1,0,,,
2019,visceral surgery,VIS1.5,Deep Rectal Resection in Adults (IVHSM),30,37,24,34,0,0,10,11,0,0,0,7,0,1,6,0,0,0,0,0,0,0,0,0,0,1,0,,0,0,,,
2019,hematology,HAE1,Aggressive Lymphome und akute Leuk?ien,301,48,26,29,1,0,11,13,5,9,4,14,0,187,13,0,9,3,0,0,0,0,1,0,2,0,0,,0,0,,,
2019,hematology,HAE1.1,Highly aggressive lymphomas and acute leukemias,147,5,0,0,0,0,0,0,0,0,0,0,0,21,0,0,0,0,0,0,0,0,0,0,0,0,0,,0,0,,,
2019,hematology,HAE2,Indolent lymphomas and chronic leukemias,663,206,130,117,17,0,88,61,62,36,70,61,1,9,36,3,19,26,1,0,0,1,10,0,39,2,1,,2,0,,,
2019,hematology,HAE3,Myelodysplastische Syndrome,50,35,25,17,5,0,16,7,16,10,8,28,0,6,7,1,13,2,0,0,0,0,0,0,5,0,0,,0,0,,,
2019,hematology,HAE4,Autologous blood stem cell transplantation,102,0,11,28,0,0,0,0,0,0,0,0,0,7,0,0,0,0,0,0,0,0,0,0,0,1,0,,0,0,,,
2019,hematology,HAE5,Allogeneic hematopoietic stem cell transplantation in adults (IVHSM),66,0,0,0,0,0,0,0,0,0,0,0,0,24,0,0,0,0,0,0,0,0,0,0,0,0,0,,0,0,,,
2019,vessels,GEF1,vascular surgery peripheral vessels (arterial),85,146,65,99,0,0,1,12,0,0,1,0,1,1,0,3,0,0,0,0,0,0,0,0,24,17,1,,0,0,,,
2019,Angiology,ANG1,interventions peripheral vessels (arterial),560,322,117,166,18,0,0,35,35,2,0,66,0,4,7,2,0,0,0,0,0,0,0,0,141,41,0,,0,0,,,
2019,vessels,GEFA,Interventions and vascular surgery intra-abdominal vessels,470,195,123,232,1,0,0,1,5,2,1,13,0,28,1,0,0,0,0,0,0,0,0,0,41,26,3,,0,0,,,
2019,vessels,GEF3,vascular surgery carotid,90,35,39,64,0,0,0,12,1,2,0,0,0,1,0,0,0,0,1,0,0,0,0,0,6,2,0,,0,0,,,
2019,Angiology,ANG3,Interventions carotid and extracranial vessels,78,26,13,28,0,0,0,0,0,0,0,0,0,1,0,0,0,0,0,0,0,0,0,0,2,0,0,,0,0,,,
2019,Radiology,RAD1,Interventional Radiology,106,29,35,176,4,0,3,4,0,0,3,8,0,6,2,2,0,0,0,0,0,0,0,0,13,0,19,,0,0,,,
2019,Heart,HER1,Simple heart surgery,8,7,7,11,0,0,0,0,1,0,0,0,0,1,0,0,0,0,0,0,0,0,0,0,6,0,0,,0,0,,,
2019,Heart,HER1.1,Cardiac surgery and vascular interventions with heart-lung machine,71,1,20,12,0,0,0,0,1,0,0,0,0,70,0,1,0,0,0,0,0,0,0,0,2,1,1,,0,0,,,
2019,Heart,HER1.1.1,coronary artery surgery (CABG),282,0,205,222,0,0,0,0,0,0,0,0,0,4,0,0,0,0,0,0,0,0,0,0,28,0,0,,0,0,,,
2019,Heart,HER1.1.2,Complex Congenital Cardiac Surgery/Cardiology (including surgery as a child),0,0,0,0,0,0,0,0,0,0,0,0,0,28,0,0,0,0,0,0,0,0,0,0,0,0,0,,0,0,,,
2019,Heart,HER1.1.3,Surgery and Interventions on the Thoracic Aorta,103,0,33,22,0,0,0,0,0,0,0,0,0,77,0,0,0,0,0,0,0,0,0,0,7,0,0,,0,0,,,
2019,Heart,HER1.1.4,Open surgery on the aortic valve,184,0,113,180,0,0,0,0,0,0,0,0,0,6,0,0,0,0,0,0,0,0,0,0,35,0,0,,0,0,,,
2019,Heart,HER1.1.5,Open interventions on the mitral valve,117,0,85,112,0,0,0,0,0,0,0,0,0,13,0,0,0,0,0,0,0,0,0,0,16,0,0,,0,0,,,
2019,Cardiology,KAR1,Cardiology and Devices,219,115,173,142,3,0,22,57,25,22,28,69,0,8,8,0,0,0,0,0,0,0,0,0,93,6,0,,0,0,,,
2019,Cardiology,KAR1.1,Interventional Cardiology (Coronary Procedures),1997,931,1874,1443,3,0,40,8,5,9,36,11,0,49,19,0,1,6,0,0,0,0,0,0,482,90,0,,0,0,,,
2019,Cardiology,KAR1.1.1,Interventional Cardiology (Special Procedures),658,13,213,295,0,0,0,1,1,0,0,2,0,74,0,0,0,0,0,0,0,0,0,0,130,0,0,,0,0,,,
2019,Cardiology,KAR1.2,Electrophysiology (Ablation),380,97,245,300,0,0,0,0,0,1,153,0,0,33,0,0,0,0,0,0,0,0,0,0,410,0,0,,0,0,,,
2019,Cardiology,KAR1.3,Implantable Cardioverter Defibrillator / CRT,202,39,78,63,0,0,0,0,0,0,23,8,0,1,0,0,0,0,0,0,0,0,0,0,38,1,0,,0,0,,,
2019,Nephrologie,NEP1,nephrology (kidney failure),281,106,82,19,22,0,40,45,23,66,42,90,0,12,30,3,0,0,0,0,0,0,0,0,38,0,0,,1,0,,,
2019,urology,URO1,Urology without specialization 'Operative Urology',1551,1267,975,964,195,486,645,639,147,294,424,297,0,205,483,53,137,157,1,0,847,5,0,0,176,221,15,,91,0,,,
2019,urology,URO1.1,Urology with a focus on 'Operative Urology',152,148,96,137,10,15,23,96,5,85,46,27,0,134,49,2,8,7,0,0,137,0,0,0,8,38,7,,13,0,,,
2019,urology,URO1.1.1,Radical prostatectomy,89,100,68,238,0,14,31,23,0,0,0,0,0,0,67,0,0,0,0,0,76,0,0,0,3,18,0,,0,0,,,
2019,urology,URO1.1.2,Radical and simple cystectomy (IVHSM),34,24,17,28,0,0,0,0,0,0,0,0,0,1,17,0,0,0,0,0,0,0,0,0,6,4,1,,0,0,,,
2019,urology,URO1.1.3,Complex kidney surgery (tumor nephrectomy and partial kidney dissection),42,30,28,39,0,0,14,9,1,0,0,0,0,7,19,0,0,0,0,0,0,0,0,0,1,4,0,,0,0,,,
2019,urology,URO1.1.4,Isolated adrenalectomy,19,18,9,14,0,0,2,8,3,0,2,0,0,4,6,0,0,0,0,0,0,0,0,0,2,0,0,,0,0,,,
2019,urology,URO1.1.7,Implantation of an artificial bladder sphincter,21,10,0,24,0,0,0,0,0,0,0,0,0,0,0,0,0,0,0,0,11,0,0,0,0,0,0,,4,0,,,
2019,urology,URO1.1.8,Percutaneous nephrostomy with disintegration of stone material,14,10,20,0,0,0,1,9,0,5,0,0,0,2,1,0,0,0,0,0,19,0,0,0,0,0,0,,0,0,,,
2019,Pneumologie,PNE1,Pneumologie,818,371,424,84,148,0,287,179,232,108,195,298,0,108,123,0,37,9,0,0,0,0,5,3,71,6,0,,1,0,,,
2019,Pneumologie,PNE1.1,Pneumology with specific ventilation therapy,20,4,1,0,0,0,0,0,1,0,1,0,0,1,0,0,0,0,0,0,0,0,0,0,0,0,0,,0,0,,,
2019,Pneumologie,PNE1.2,Assessment or status after lung transplantation,638,3,0,0,0,0,0,0,0,0,0,0,0,1,0,0,0,0,0,0,0,0,0,0,0,0,0,,0,0,,,
2019,Pneumologie,PNE1.3,cystic fibrosis,43,14,3,0,0,0,2,0,1,0,0,0,0,22,0,0,0,0,0,0,0,0,0,0,0,0,0,,0,0,,,
2019,Pneumologie,PNE2,Polysomnographie,103,34,3,0,0,0,5,0,7,0,20,2,0,84,0,0,0,0,0,10,0,0,0,0,0,0,0,,0,0,,,
2019,Thoraxchirurgie,THO1,Thoraxchirurgie,122,43,46,27,0,0,1,0,2,2,5,4,0,11,5,0,0,0,0,0,0,0,0,0,2,7,0,,2,0,,,
2019,Thoraxchirurgie,THO1.1,Malignant neoplasms of the respiratory system (curative resection by lobectomy and pneumonectomy),154,72,50,58,0,0,0,0,0,0,0,1,0,0,0,0,0,0,0,0,0,0,0,0,3,6,0,,1,0,,,
2019,Thoraxchirurgie,THO1.2,mediastinal interventions,59,28,15,21,0,0,0,0,0,0,0,0,0,2,0,0,0,0,0,0,0,0,0,0,3,5,0,,0,0,,,
2019,transplants,TPL1,heart transplants (IVHSM),11,0,0,0,0,0,0,0,0,0,0,0,0,3,0,0,0,0,0,0,0,0,0,0,0,0,0,,0,0,,,
2019,transplants,TPL2,lung transplants (IVHSM),17,0,0,0,0,0,0,0,0,0,0,0,0,0,0,0,0,0,0,0,0,0,0,0,0,0,0,,0,0,,,
2019,transplants,TPL3,liver transplants (IVHSM),61,0,0,0,0,0,0,0,0,0,0,0,0,0,0,0,0,0,0,0,0,0,0,0,0,0,0,,0,0,,,
2019,transplants,TPL4,Pankreas- und Inseltransplantationen (IVHSM),10,0,0,0,0,0,0,0,0,0,0,0,0,0,0,0,0,0,0,0,0,0,0,0,0,0,0,,0,0,,,
2019,transplants,TPL5,Nierentransplantationen (IVHSM),74,0,0,0,0,0,0,0,0,0,0,0,0,1,0,0,0,0,0,0,0,0,0,0,0,0,0,,0,0,,,
2019,transplants,TPL6,Darmtransplantation,,,,,,,,,,,,,,,,,,,,,,,,,,,,,,,,,
2019,transplants,TPL7,Milztransplantation,,,,,,,,,,,,,,,,,,,,,,,,,,,,,,,,,
2019,musculoskeletal system surgically,BEW1,surgery musculoskeletal system,689,840,388,566,120,150,263,299,251,148,120,249,1370,219,190,1263,47,10,234,0,1,83,0,0,292,160,117,,101,0,,,
2019,musculoskeletal system surgically,BEW2,orthopedics,136,127,80,131,25,109,79,88,45,89,27,80,570,74,72,216,24,4,37,0,0,52,2,7,102,61,48,,26,0,,,
2019,musculoskeletal system surgically,BEW3,hand surgery,186,308,110,62,13,9,31,102,70,14,26,39,91,67,58,112,7,2,20,0,0,0,0,0,53,34,114,,17,0,,,
2019,musculoskeletal system surgically,BEW4,Arthroscopy of the shoulder and elbow,0,52,15,24,1,6,20,11,5,7,3,5,207,0,8,59,4,3,2,0,0,16,0,0,26,43,0,,5,0,,,
2019,musculoskeletal system surgically,BEW5,arthroscopy of the knee,46,236,82,754,51,237,86,98,103,30,43,145,629,28,81,401,22,32,12,0,0,82,0,0,130,307,62,,202,0,,,
2019,musculoskeletal system surgically,BEW6,upper extremity reconstruction,14,283,68,273,41,287,285,188,75,100,98,75,986,1,119,573,22,14,15,0,0,179,0,0,59,219,32,,65,0,,,
2019,musculoskeletal system surgically,BEW7,lower extremity reconstruction,1,107,33,70,0,12,13,9,6,1,5,12,130,22,3,129,0,44,0,0,0,10,0,0,20,56,10,,9,0,,,
2019,musculoskeletal system surgically,BEW7.1,first hip prosthesis,52,487,124,265,10,237,127,132,195,102,160,101,1010,0,109,366,48,0,0,0,0,25,0,0,78,236,12,,48,0,,,
2019,musculoskeletal system surgically,BEW7.1.1,Wechseloperationen H?tprothesen,15,59,23,34,7,10,15,13,18,16,6,5,136,0,2,105,1,0,0,0,0,1,0,0,6,39,5,,0,0,,,
2019,musculoskeletal system surgically,BEW7.2,first knee prosthesis,1,314,74,286,7,281,110,173,159,105,181,54,871,0,75,291,41,0,0,0,0,50,0,0,98,219,34,,154,0,,,
2019,musculoskeletal system surgically,BEW7.2.1,Wechseloperationen Knieprothesen,0,18,3,20,0,9,8,16,3,7,8,0,77,0,6,42,0,0,0,0,0,0,0,0,7,38,12,,9,0,,,
2019,musculoskeletal system surgically,BEW8,spinal surgery,284,354,309,700,69,36,1,0,0,338,0,0,916,23,49,611,29,0,0,0,0,0,0,0,320,140,25,,84,0,,,
2019,musculoskeletal system surgically,BEW8.1,Specialized spine surgery,59,35,32,120,12,1,0,0,0,120,0,0,204,17,5,139,3,0,0,0,0,0,0,0,74,22,4,,14,0,,,
2019,musculoskeletal system surgically,BEW9,tumors of the musculoskeletal system,8,0,0,1,0,0,0,0,0,0,0,0,0,1,0,13,0,0,0,0,0,0,0,0,1,0,0,,0,0,,,
2019,musculoskeletal system surgically,BEW10,plexus surgery,9,1,0,3,0,0,0,0,0,0,0,0,2,0,0,16,0,0,0,0,0,6,0,0,1,5,0,,0,0,,,
2019,musculoskeletal system surgically,BEW11,Replantationen,7,2,0,0,0,0,0,0,0,0,0,0,0,0,0,0,0,0,0,0,0,0,0,0,0,0,0,,0,0,,,
2019,rheumatology,RHE1,rheumatology,184,101,68,20,25,5,49,37,24,29,18,43,12,30,24,51,14,1,0,0,0,1,3,2,5,4,2,,3,0,,,
2019,rheumatology,RHE2,Interdisciplinary Rheumatology,170,19,8,2,3,0,2,4,6,3,4,3,0,20,1,0,1,0,0,0,0,0,0,0,3,0,0,,0,0,,,
2019,gynecology,GYN1,gynecology,1285,519,497,487,321,139,165,329,193,264,379,5,0,35,215,0,38,46,2,0,21,0,0,0,185,167,104,,27,0,,,
2019,gynecology,GYNT,Gynecological tumors,91,38,55,44,1,0,1,28,19,23,26,0,0,0,0,0,1,1,0,0,0,0,0,0,12,5,3,,1,0,,,
2019,gynecology,GYN2,Recognized certified breast center,191,201,129,417,1,59,0,63,81,64,84,0,0,0,51,0,1,23,0,0,0,0,0,0,97,88,75,,9,0,,,
2019,Procedures Related to Transsexuality,PLC1,Interventions related to transsexuality,41,0,0,0,0,0,0,0,0,0,0,0,0,0,0,0,0,0,0,0,0,0,0,0,0,0,0,,0,0,,,
2019,obstetrics,GEB1,Basic obstetric care (from 34 weeks of pregnancy and >= 2000g),3215,1988,2360,881,856,0,973,1169,1479,2376,979,3,0,0,678,0,291,468,0,0,0,0,0,0,494,506,1,,0,0,,,
2019,obstetrics,GEB1.1,Obstetrics (from 32 weeks of pregnancy and >= 1250g),169,34,12,1,0,0,1,1,7,6,1,0,0,0,0,0,0,0,0,0,0,0,0,0,1,1,0,,0,0,,,
2019,obstetrics,GEB1.1.1,Specialized Obstetrics,117,2,3,0,0,0,0,1,3,1,2,0,0,0,0,0,0,0,0,0,0,0,0,0,0,0,0,,0,0,,,
2019,newborns,NEO1,Basic care for newborns (from GA 35 0/7 weeks of pregnancy and GG 2000g),2233,1464,1955,840,708,0,843,1019,1293,1927,821,0,0,16,593,0,258,393,0,0,0,0,0,0,477,465,0,,0,0,,,
2019,newborns,NEO1.1,Neonatology (from GA 32 0/7 weeks of pregnancy and GG 1250g),277,405,242,8,7,0,14,11,73,329,14,0,0,132,0,0,0,7,0,0,0,0,0,0,0,21,0,,0,0,,,
2019,newborns,NEO1.1.1,Specialized Neonatology (from GA 28 0/7 weeks of pregnancy and GG 1000g) valid from 01.10.2024,453,30,4,1,0,0,0,0,5,11,0,0,0,107,0,0,0,0,0,0,0,0,0,0,1,0,0,,0,0,,,
2019,newborns,NEO1.1.1.1,Highly specialized neonatology (GA < 28 0/7 weeks of pregnancy and GG < 1000g),63,1,1,0,0,0,0,0,2,0,1,0,0,0,0,0,0,0,0,0,0,0,0,0,0,0,0,,0,0,,,
2019,(radio) oncology,ONK1,oncology,287,133,92,31,2,0,6,22,6,2,28,34,0,78,16,0,3,39,0,0,0,0,0,0,35,6,0,,4,0,,,
2019,Radio-Oncology,RAO1,radiation oncology,278,201,201,83,1,0,5,2,1,7,7,0,0,4,26,0,0,0,0,0,24,0,0,0,2,1,0,,0,0,,,
2019,Nuclear Medicine,NUK1,nuclear medicine,178,72,97,19,0,0,0,0,0,0,0,0,0,0,0,0,0,0,0,0,0,0,0,0,0,0,0,,0,0,,,
2019,Serious injuries,UNF1,trauma surgery (polytrauma),133,32,18,4,1,0,3,6,7,4,3,2,0,14,3,3,4,0,0,0,0,0,1,0,1,0,0,,0,0,,,
2019,Serious injuries,UNF1.1,Specialized trauma surgery (traumatic brain injury),125,44,18,6,9,0,10,10,11,6,4,10,0,33,4,6,5,1,0,0,0,0,0,0,0,0,0,,1,0,,,
2019,Serious injuries,UNF2,Treatment of Severe Burns in Adults (IVHSM),43,0,1,0,0,0,2,0,2,1,0,0,0,23,0,0,0,0,0,0,0,0,0,0,1,0,0,,0,0,,,
