labels_ALL,Service sector,SPLG,SPLG_Description,Universitasspital Zurich,Kantonsspital Winterthur,Stadtspital Triemli,Klinik Hirslanden,See-Spital Standort Horgen,See-Spital Standort Kilchberg,Spital Uster,Spital Limmattal,Spital Bulach,Spital Zollikerberg,GZO AG Spital Wetzikon,Stadtspital Waid,Schulthess Klinik,Kinderspital Zurich,Spital Manedorf,Universitatsklinik Balgrist,Spital Affoltern,Paracelsus-Spital Richterswil,Limmatklinik,Klinik Lengg,Uroviva Klinik fur Urologie,Adus Medica,Klinik Susenberg,Sune-Egge,Klinik Im Park,Privatklinik Bethanien,Klinik Pyramide am See,"Klinik Pyramide 
Schwerzenbach",Klinik Lindberg,Klinik Tiefenbrunnen,Eulachklinik,"Schweizerisches 
Epilepsie-Zentrum",Spitaler Schaffhausen
2022,basic package,BP,Basic Package,9474,10499,8455,3689,3717,233,4718,5746,4649,3655,5024,5864,468,4462,4136,807,2052,,195,10,149,109,167,137,1239,495,376,,384,70,,,
2022,dermatology,DER1,Dermatology (including sexually transmitted diseases),218,31,27,8,4,0,12,15,7,7,10,0,0,33,10,1,1,,0,0,0,0,0,0,1,0,3,,1,0,,,
2022,dermatology,DER1.1,Dermatological Oncology,285,19,1,1,0,0,0,0,0,0,0,2,0,0,1,0,0,,0,0,0,0,0,0,6,1,5,,0,0,,,
2022,dermatology,DER1.2,Severe skin diseases,16,2,0,0,0,0,0,0,0,0,0,1,0,6,0,0,0,,0,0,0,0,0,0,0,0,0,,0,0,,,
2022,dermatology,DER2,wound patients,32,14,12,8,4,0,7,5,3,4,4,8,0,4,6,3,2,,0,0,0,0,0,2,5,0,3,,1,0,,,
2022,"ear, nose and throat",HNO1,"Ear, nose and throat (ENT surgery)",765,158,27,63,34,52,82,83,96,6,82,33,0,268,43,0,13,,318,0,0,9,0,0,3,9,19,,4,1,,,
2022,"ear, nose and throat",HNO1.1,neck and facial surgery,687,183,11,106,10,3,9,18,27,0,10,49,0,155,11,0,0,,129,0,0,4,0,0,16,38,34,,2,0,,,
2022,"ear, nose and throat",HNO1.1.1,Complex neck procedures (interdisciplinary tumor surgery),77,11,0,19,0,0,0,0,0,0,0,0,0,0,0,0,0,,0,0,0,0,0,0,0,0,0,,0,0,,,
2022,"ear, nose and throat",HNO1.2,Advanced nasal surgery with sinuses,453,123,0,226,95,46,145,170,90,15,83,76,0,11,86,0,15,,713,0,0,34,0,0,25,12,116,,18,1,,,
2022,"ear, nose and throat",HNO1.2.1,"Advanced nasal surgery, paranasal sinuses with dura opening (interdisciplinary skull base surgery)",19,0,0,61,0,0,0,0,0,0,0,0,0,0,0,0,0,,0,0,0,0,0,0,0,0,0,,0,0,,,
2022,"ear, nose and throat",HNO1.3,"Middle ear surgery (tympanoplasty, mastoid surgery, osiculoplasty including stapes operations)",451,3,0,2,0,0,0,5,0,9,0,0,0,4,0,0,0,,0,0,0,0,0,0,0,12,2,,0,0,,,
2022,"ear, nose and throat",HNO1.3.1,Advanced ear surgery with inner ear and/or dura opening,6,0,0,5,0,0,0,0,0,0,0,0,0,0,0,0,0,,0,0,0,0,0,0,0,0,0,,0,0,,,
2022,"ear, nose and throat",HNO1.3.2,cochlear implants (IVHSM),80,0,0,0,0,0,0,0,0,0,0,0,0,6,0,0,0,,0,0,0,0,0,0,0,0,0,,0,0,,,
2022,"ear, nose and throat",HNO2,thyroid and parathyroid surgery,209,206,193,253,0,21,22,54,57,53,15,0,0,1,14,0,0,,0,0,0,0,0,0,27,31,25,,3,0,,,
2022,Oral surgery,KIE1,jaw surgery,242,107,1,3,0,0,2,1,1,0,1,1,0,41,0,0,1,,223,0,0,0,0,0,5,3,21,,0,0,,,
2022,neurosurgery,NCH1,Cranial Neurosurgery,809,150,1,331,1,0,0,0,0,0,0,0,0,107,0,1,0,,1,0,0,0,0,0,3,1,1,,0,0,,,
2022,neurosurgery,NCH1.1,Specialized Neurosurgery,88,14,4,53,0,0,0,0,0,0,0,0,0,9,0,0,0,,0,0,0,0,0,0,0,0,0,,0,0,,,
2022,neurosurgery,NCH1.1.1,Treatments of vascular diseases of the CNS without the complex vascular anomalies (IVHSM),274,5,1,119,0,0,0,0,0,0,0,0,0,1,0,0,0,,0,0,0,0,0,0,1,0,0,,0,0,,,
2022,neurosurgery,NCH1.1.1.1,Treatments of complex vascular anomalies of the central nervous system (IVHSM),65,0,0,20,0,0,0,0,0,0,0,0,0,33,0,0,0,,0,0,0,0,0,0,0,0,0,,0,0,,,
2022,neurosurgery,NCH1.1.2,Functional Neurosurgery (IVHSM),71,0,0,0,0,0,0,0,0,0,0,0,0,1,0,0,0,,0,0,0,0,0,0,0,0,0,,0,0,,,
2022,neurosurgery,NCH1.1.3,Surgical Treatment of Refractory Epilepsy (IVHSM),6,0,0,0,0,0,0,0,0,0,0,0,0,6,0,0,0,,0,1,0,0,0,0,0,0,0,,0,0,,,
2022,neurosurgery,NCH2,spinal neurosurgery,2,0,0,1,0,0,0,0,0,0,0,0,18,3,0,0,0,,0,0,0,0,0,0,0,0,0,,0,0,,,
2022,neurosurgery,NCH2.1,Treatment of Rare Spinal Cord Tumors (IVHSM),4,0,0,0,0,0,0,0,0,0,0,0,0,1,0,1,0,,0,0,0,0,0,0,0,0,0,,0,0,,,
2022,neurosurgery,NCH3,Peripheral Neurosurgery,17,4,0,6,0,0,1,0,1,0,0,0,0,1,0,3,0,,0,0,0,0,0,0,0,3,0,,0,0,,,
2022,neurology,NEU1,neurology,196,104,79,64,27,0,53,74,29,25,81,38,0,146,41,0,5,,0,40,0,0,1,0,4,0,0,,0,0,,,
2022,neurology,NEU2,Secondary Malignant Neoplasm of the Nervous System,69,29,24,17,9,0,9,12,13,15,13,10,1,5,8,0,7,,0,0,0,0,0,0,0,2,0,,0,0,,,
2022,neurology,NEU2.1,Primary neoplasm of the CNS (excluding palliative patients),48,13,8,13,2,0,0,4,8,7,6,9,0,47,2,0,13,,0,0,0,0,3,0,1,0,0,,0,0,,,
2022,neurology,NEU3,Cerebrovascular disorders,893,459,522,410,102,0,171,228,115,76,166,158,0,46,109,1,42,,0,0,0,0,2,0,26,4,0,,0,0,,,
2022,neurology,NEU3.1,Complex Treatment of Strokes (IVHSM),101,0,0,42,0,0,0,0,0,0,0,0,0,0,0,0,0,,0,0,0,0,0,0,0,0,0,,0,0,,,
2022,neurology,NEU4,Epileptology: Complex Diagnostics,24,0,0,29,0,0,0,1,0,0,0,0,0,5,0,0,0,,0,333,0,0,0,0,3,0,0,,0,0,,,
2022,neurology,NEU4.1,Epileptology: Complex Treatment,17,0,0,0,0,0,0,0,0,0,0,0,0,0,0,0,0,,0,113,0,0,0,0,0,0,0,,0,0,,,
2022,neurology,NEU4.2,Presurgical Epilepsy Diagnostics (Phase I),66,0,0,0,0,0,0,0,0,0,0,0,0,132,0,0,0,,0,438,0,0,0,0,0,0,0,,0,0,,,
2022,Ophthalmologie,AUG1,Ophthalmologie,123,55,110,0,1,0,0,2,1,0,0,0,0,7,0,0,0,,19,0,0,0,0,0,8,0,11,,0,0,,,
2022,Ophthalmologie,AUG1.1,strabology,17,0,4,0,0,0,0,0,0,0,0,0,0,0,0,0,0,,22,0,0,0,0,0,0,0,0,,0,0,,,
2022,Ophthalmologie,AUG1.2,"orbit, eyelids, tear ducts",83,4,14,2,0,0,0,0,0,2,0,0,0,2,0,0,0,,5,0,0,0,0,0,3,0,11,,0,14,,,
2022,Ophthalmologie,AUG1.3,Specialized anterior segment surgery (including glaucoma),47,162,107,0,0,0,0,0,0,0,0,0,0,0,0,0,0,,51,0,0,0,0,0,53,0,19,,0,0,,,
2022,Ophthalmologie,AUG1.4,cataract,87,179,211,26,0,0,0,0,0,0,0,0,0,0,0,0,0,,3,0,0,0,0,0,49,0,29,,0,0,,,
2022,Ophthalmologie,AUG1.5,vitreous and retinal problems,1106,136,390,0,0,0,0,0,0,0,0,0,0,0,0,1,1,,11,0,0,0,0,0,23,0,0,,0,0,,,
2022,endocrinology,END1,endocrinology,248,139,92,68,30,0,127,64,62,37,127,103,0,124,45,6,24,,0,0,0,0,7,1,6,1,0,,1,0,,,
2022,gastroenterology,GAE1,gastroenterology,796,663,603,586,215,0,328,427,324,283,249,313,0,156,238,2,70,,0,0,0,0,0,1,163,15,0,,3,0,,,
2022,gastroenterology,GAE1.1,Specialized Gastroenterology,211,169,158,111,15,0,29,100,65,59,159,17,0,2,51,0,1,,0,0,0,0,0,0,29,8,1,,0,0,,,
2022,visceral surgery,VIS1,visceral surgery,639,482,385,453,123,2,125,246,190,84,182,99,0,111,121,0,4,,7,0,0,1,0,1,127,58,38,,16,0,,,
2022,visceral surgery,VIS1.1,pancreatectomy in adults (IVHSM),50,51,51,46,1,0,0,1,0,0,0,0,0,0,0,0,0,,0,0,0,0,0,0,13,0,0,,0,0,,,
2022,visceral surgery,VIS1.2,liver resection in adults (IVHSM),67,47,22,22,0,0,0,0,0,0,0,1,0,1,0,0,0,,0,0,0,0,0,0,14,1,0,,1,0,,,
2022,visceral surgery,VIS1.3,esophagectomy in adults (IVHSM),23,16,13,43,0,0,0,0,0,0,1,0,0,9,0,0,0,,0,0,0,0,0,0,2,0,0,,0,0,,,
2022,visceral surgery,VIS1.4,Bariatric surgery,41,0,79,122,0,0,0,160,1,0,94,0,0,0,115,0,0,,0,0,0,0,0,0,1,0,5,,1,0,,,
2022,visceral surgery,VIS1.4.1,Komplexe bariatrische Chirurgie (IVHSM),39,0,3,49,0,0,0,99,0,1,32,0,0,0,1,0,0,,0,0,0,0,0,0,0,0,3,,0,0,,,
2022,visceral surgery,VIS1.5,Deep Rectal Resection in Adults (IVHSM),35,53,31,34,0,0,3,12,0,0,0,0,0,0,0,0,0,,0,0,0,0,0,0,2,0,1,,1,0,,,
2022,hematology,HAE1,Aggressive Lymphome und akute Leuk?ien,379,45,26,32,4,0,22,15,11,8,8,16,0,206,7,1,9,,0,0,0,0,0,0,0,0,0,,0,0,,,
2022,hematology,HAE1.1,Highly aggressive lymphomas and acute leukemias,135,2,0,1,0,0,0,0,0,0,0,0,0,28,0,0,0,,0,0,0,0,0,0,0,0,0,,0,0,,,
2022,hematology,HAE2,Indolent lymphomas and chronic leukemias,614,195,148,163,21,1,92,53,62,44,84,111,0,21,51,4,18,,0,0,0,0,6,2,36,5,1,,1,0,,,
2022,hematology,HAE3,Myelodysplastische Syndrome,50,21,13,17,15,0,14,10,16,15,16,21,0,5,6,0,12,,0,0,0,0,1,1,4,4,1,,0,0,,,
2022,hematology,HAE4,Autologous blood stem cell transplantation,120,0,15,34,0,0,0,0,0,0,0,0,0,8,0,0,0,,0,0,0,0,0,0,0,0,0,,0,0,,,
2022,hematology,HAE5,Allogeneic hematopoietic stem cell transplantation in adults (IVHSM),65,0,0,0,0,0,0,0,0,0,0,0,0,29,0,0,0,,0,0,0,0,0,0,0,0,0,,0,0,,,
2022,vessels,GEF1,vascular surgery peripheral vessels (arterial),92,122,59,112,2,0,0,29,0,0,0,2,0,1,0,3,0,,0,0,0,0,0,0,31,6,0,,0,0,,,
2022,Angiology,ANG1,interventions peripheral vessels (arterial),393,206,91,194,12,0,3,47,29,1,1,47,0,1,28,1,1,,0,0,0,0,0,0,134,27,0,,0,0,,,
2022,vessels,GEFA,Interventions and vascular surgery intra-abdominal vessels,648,298,148,308,1,0,1,13,6,1,1,12,0,27,6,0,0,,0,0,0,0,0,0,70,17,0,,0,0,,,
2022,vessels,GEF3,vascular surgery carotid,92,36,35,75,0,0,0,10,1,0,0,0,0,0,0,2,0,,0,0,0,0,0,0,8,0,2,,0,0,,,
2022,Angiology,ANG3,Interventions carotid and extracranial vessels,93,14,13,39,0,0,0,1,0,0,0,0,0,3,0,0,0,,0,0,0,0,0,0,0,0,0,,0,0,,,
2022,Radiology,RAD1,Interventional Radiology,86,40,31,67,5,0,46,5,1,2,14,8,1,3,0,0,0,,0,0,0,0,0,0,4,4,15,,0,0,,,
2022,Heart,HER1,Simple heart surgery,22,3,26,7,0,0,0,0,0,0,0,1,0,2,0,0,0,,0,0,0,0,0,0,0,0,0,,0,0,,,
2022,Heart,HER1.1,Cardiac surgery and vascular interventions with heart-lung machine,58,1,20,21,0,0,0,0,0,0,0,0,0,49,0,0,0,,0,0,0,0,0,0,3,0,0,,0,0,,,
2022,Heart,HER1.1.1,coronary artery surgery (CABG),240,0,286,276,0,0,0,0,0,0,0,0,0,1,0,0,0,,0,0,0,0,0,0,53,0,0,,0,0,,,
2022,Heart,HER1.1.2,Complex Congenital Cardiac Surgery/Cardiology (including surgery as a child),0,0,0,0,0,0,0,0,0,0,0,0,0,39,0,0,0,,0,0,0,0,0,0,0,0,0,,0,0,,,
2022,Heart,HER1.1.3,Surgery and Interventions on the Thoracic Aorta,55,0,49,23,0,0,0,0,0,0,0,0,0,66,0,0,0,,0,0,0,0,0,0,3,0,0,,0,0,,,
2022,Heart,HER1.1.4,Open surgery on the aortic valve,162,0,195,197,0,0,0,0,0,0,0,0,0,13,0,0,0,,0,0,0,0,0,0,26,0,0,,0,0,,,
2022,Heart,HER1.1.5,Open interventions on the mitral valve,81,0,166,186,0,0,0,0,0,0,0,0,0,2,0,0,0,,0,0,0,0,0,0,34,0,0,,0,0,,,
2022,Cardiology,KAR1,Cardiology and Devices,223,103,236,185,0,0,27,56,19,25,46,59,0,10,7,0,0,,0,0,0,0,0,0,125,15,2,,0,0,,,
2022,Cardiology,KAR1.1,Interventional Cardiology (Coronary Procedures),1673,744,1641,1525,3,0,18,3,5,8,43,13,0,41,10,0,1,,0,0,0,0,0,0,632,114,0,,0,0,,,
2022,Cardiology,KAR1.1.1,Interventional Cardiology (Special Procedures),513,18,246,486,0,0,0,0,1,0,0,1,0,76,1,0,0,,0,0,0,0,0,0,169,1,0,,0,0,,,
2022,Cardiology,KAR1.2,Electrophysiology (Ablation),356,118,385,607,0,0,0,0,0,0,105,0,0,36,0,0,0,,0,0,0,0,0,0,519,13,0,,0,0,,,
2022,Cardiology,KAR1.3,Implantable Cardioverter Defibrillator / CRT,227,32,104,98,0,0,0,0,0,0,23,2,0,2,0,0,0,,0,0,0,0,0,0,34,5,2,,0,0,,,
2022,Nephrologie,NEP1,nephrology (kidney failure),198,96,67,67,26,0,19,23,5,51,25,58,0,5,12,1,1,,0,0,0,0,3,0,12,0,0,,0,0,,,
2022,urology,URO1,Urology without specialization 'Operative Urology',1064,1061,892,833,321,469,682,564,130,254,380,390,0,183,544,73,131,,60,0,962,2,0,0,315,233,8,,111,0,,,
2022,urology,URO1.1,Urology with a focus on 'Operative Urology',168,199,122,136,23,15,125,93,4,126,54,16,0,89,82,1,0,,0,0,142,0,0,0,11,30,7,,9,0,,,
2022,urology,URO1.1.1,Radical prostatectomy,71,93,81,283,6,7,41,34,0,0,0,0,0,0,95,0,0,,0,0,87,0,0,0,25,35,0,,0,0,,,
2022,urology,URO1.1.2,Radical and simple cystectomy (IVHSM),26,26,29,35,0,0,0,0,0,0,0,0,0,0,6,0,0,,0,0,0,0,0,0,4,0,0,,0,0,,,
2022,urology,URO1.1.3,Complex kidney surgery (tumor nephrectomy and partial kidney dissection),42,41,32,30,0,0,12,16,0,0,0,0,0,5,19,0,0,,0,0,1,0,0,0,1,3,0,,0,0,,,
2022,urology,URO1.1.4,Isolated adrenalectomy,34,22,5,23,1,0,2,2,2,0,0,0,0,3,1,0,0,,0,0,0,0,0,0,1,0,0,,0,0,,,
2022,urology,URO1.1.7,Implantation of an artificial bladder sphincter,9,8,1,39,1,0,0,0,0,0,0,0,0,0,0,0,0,,0,0,5,0,0,0,0,1,0,,0,0,,,
2022,urology,URO1.1.8,Percutaneous nephrostomy with disintegration of stone material,30,14,13,3,0,0,2,20,0,3,0,0,0,2,0,0,0,,0,0,7,0,0,0,0,0,0,,1,0,,,
2022,Pneumologie,PNE1,Pneumologie,664,338,309,65,96,0,181,155,161,73,163,154,0,129,78,4,5,,0,0,0,0,2,0,81,4,0,,0,0,,,
2022,Pneumologie,PNE1.1,Pneumology with specific ventilation therapy,27,3,2,0,0,0,0,0,1,0,5,1,0,0,0,0,1,,0,1,0,0,0,0,0,0,0,,0,0,,,
2022,Pneumologie,PNE1.2,Assessment or status after lung transplantation,654,0,0,0,0,0,0,0,0,0,0,0,0,0,0,0,0,,0,0,0,0,0,0,0,0,0,,0,0,,,
2022,Pneumologie,PNE1.3,cystic fibrosis,23,4,0,0,0,0,0,1,1,0,0,0,0,17,1,0,0,,0,0,0,0,0,0,0,0,0,,0,0,,,
2022,Pneumologie,PNE2,Polysomnographie,34,31,1,1,0,0,0,0,5,0,12,11,0,92,0,0,0,,0,5,0,0,0,0,6,0,0,,0,0,,,
2022,Thoraxchirurgie,THO1,Thoraxchirurgie,62,47,45,49,0,0,0,4,2,1,1,0,0,26,4,0,0,,0,0,0,0,0,0,2,5,1,,0,0,,,
2022,Thoraxchirurgie,THO1.1,Malignant neoplasms of the respiratory system (curative resection by lobectomy and pneumonectomy),108,105,63,65,0,0,0,0,0,0,0,0,0,0,0,0,0,,0,0,0,0,0,0,2,14,0,,0,0,,,
2022,Thoraxchirurgie,THO1.2,mediastinal interventions,75,30,16,29,0,0,0,0,0,0,0,0,0,1,0,0,0,,0,0,0,0,0,0,3,4,2,,0,0,,,
2022,transplants,TPL1,heart transplants (IVHSM),13,0,0,0,0,0,0,0,0,0,0,0,0,0,0,0,0,,0,0,0,0,0,0,0,0,0,,0,0,,,
2022,transplants,TPL2,lung transplants (IVHSM),30,0,0,0,0,0,0,0,0,0,0,0,0,0,0,0,0,,0,0,0,0,0,0,0,0,0,,0,0,,,
2022,transplants,TPL3,liver transplants (IVHSM),44,0,0,0,0,0,0,0,0,0,0,0,0,0,0,0,0,,0,0,0,0,0,0,0,0,0,,0,0,,,
2022,transplants,TPL4,Pankreas- und Inseltransplantationen (IVHSM),4,0,0,0,0,0,0,0,0,0,0,0,0,0,0,0,0,,0,0,0,0,0,0,0,0,0,,0,0,,,
2022,transplants,TPL5,Nierentransplantationen (IVHSM),85,0,0,0,0,0,0,0,0,0,0,0,0,4,0,0,0,,0,0,0,0,0,0,0,0,0,,0,0,,,
2022,transplants,TPL6,Darmtransplantation,,,,,,,,,,,,,,,,,,,,,,,,,,,,,,,,,
2022,transplants,TPL7,Milztransplantation,,,,,,,,,,,,,,,,,,,,,,,,,,,,,,,,,
2022,musculoskeletal system surgically,BEW1,surgery musculoskeletal system,506,702,329,432,124,128,270,281,201,157,175,292,1266,183,237,1407,28,,55,0,0,120,0,1,273,157,92,,142,0,,,
2022,musculoskeletal system surgically,BEW2,orthopedics,143,135,47,90,36,53,95,104,49,76,31,121,700,105,63,273,17,,81,0,0,53,2,8,110,46,27,,42,0,,,
2022,musculoskeletal system surgically,BEW3,hand surgery,132,189,92,34,13,0,33,74,72,6,24,30,105,66,33,139,3,,37,0,0,0,0,0,49,34,93,,9,0,,,
2022,musculoskeletal system surgically,BEW4,Arthroscopy of the shoulder and elbow,1,22,4,20,0,8,14,8,1,5,2,11,58,1,10,49,2,,0,0,0,36,0,0,5,6,1,,4,0,,,
2022,musculoskeletal system surgically,BEW5,arthroscopy of the knee,68,190,81,665,34,131,112,85,75,19,15,120,717,24,61,585,27,,6,0,0,122,0,0,131,284,94,,213,0,,,
2022,musculoskeletal system surgically,BEW6,upper extremity reconstruction,37,220,91,220,36,228,305,226,94,149,61,78,1143,4,191,693,23,,6,0,0,190,0,0,66,193,39,,121,0,,,
2022,musculoskeletal system surgically,BEW7,lower extremity reconstruction,5,30,32,72,2,18,21,8,9,4,8,9,143,23,7,171,0,,1,0,0,96,0,0,17,45,20,,27,0,,,
2022,musculoskeletal system surgically,BEW7.1,first hip prosthesis,51,389,176,262,12,187,163,131,221,112,96,138,1198,0,146,445,0,,0,0,0,0,0,0,90,212,16,,200,0,,,
2022,musculoskeletal system surgically,BEW7.1.1,Wechseloperationen H?tprothesen,9,68,8,26,9,4,21,14,10,15,11,12,119,0,5,102,0,,0,0,0,0,0,0,3,22,1,,7,0,,,
2022,musculoskeletal system surgically,BEW7.2,first knee prosthesis,1,298,240,320,17,237,205,203,200,86,74,0,940,0,189,384,0,,0,0,0,0,0,0,79,247,69,,241,0,,,
2022,musculoskeletal system surgically,BEW7.2.1,Wechseloperationen Knieprothesen,0,21,6,28,0,8,14,8,6,4,5,0,89,0,10,93,0,,0,0,0,0,0,0,5,30,17,,19,0,,,
2022,musculoskeletal system surgically,BEW8,spinal surgery,332,560,412,889,160,42,0,1,2,622,2,3,1259,28,87,1095,0,,0,0,0,0,0,0,376,163,16,,101,0,,,
2022,musculoskeletal system surgically,BEW8.1,Specialized spine surgery,36,13,3,63,2,1,0,0,0,89,0,0,56,9,1,79,0,,0,0,0,0,0,0,33,8,0,,2,0,,,
2022,musculoskeletal system surgically,BEW9,tumors of the musculoskeletal system,9,2,0,0,0,0,0,0,0,0,0,0,0,3,0,17,0,,0,0,0,0,0,0,0,0,0,,0,0,,,
2022,musculoskeletal system surgically,BEW10,plexus surgery,8,1,0,4,0,0,0,0,0,0,0,0,1,1,0,8,0,,0,0,0,2,0,0,0,1,46,,1,0,,,
2022,musculoskeletal system surgically,BEW11,Replantationen,2,2,0,0,0,0,0,0,0,0,0,0,0,0,0,0,0,,0,0,0,0,0,0,0,0,0,,0,0,,,
2022,rheumatology,RHE1,rheumatology,219,51,40,17,21,4,26,23,26,34,22,27,12,37,11,68,20,,0,0,0,0,2,2,4,2,0,,3,0,,,
2022,rheumatology,RHE2,Interdisciplinary Rheumatology,187,14,14,3,2,0,3,3,3,5,1,6,0,17,3,0,0,,0,0,0,0,0,0,1,2,0,,0,0,,,
2022,gynecology,GYN1,gynecology,831,457,580,423,385,121,214,442,209,356,319,1,0,39,217,0,0,,0,0,15,1,0,0,208,201,59,,10,0,,,
2022,gynecology,GYNT,Gynecological tumors,100,69,64,64,1,1,3,27,20,39,23,0,0,1,0,0,0,,0,0,0,0,0,0,5,4,1,,0,0,,,
2022,gynecology,GYN2,Recognized certified breast center,162,216,93,422,1,88,1,79,69,143,86,0,0,0,51,0,0,,0,0,0,0,0,0,86,85,127,,6,0,,,
2022,Procedures Related to Transsexuality,PLC1,Interventions related to transsexuality,43,0,0,0,0,1,0,0,0,0,0,0,0,0,0,0,0,,76,0,1,0,0,0,0,0,0,,0,0,,,
2022,obstetrics,GEB1,Basic obstetric care (from 34 weeks of pregnancy and >= 2000g),2764,2055,2484,970,874,0,933,1270,1340,2271,898,4,0,0,518,0,4,,0,0,0,0,0,0,472,413,0,,0,0,,,
2022,obstetrics,GEB1.1,Obstetrics (from 32 weeks of pregnancy and >= 1250g),181,36,8,1,1,0,1,1,1,10,3,0,0,0,0,0,0,,0,0,0,0,0,0,0,0,0,,0,0,,,
2022,obstetrics,GEB1.1.1,Specialized Obstetrics,113,5,8,2,0,0,0,2,0,5,2,0,0,0,1,0,0,,0,0,0,0,0,0,0,0,0,,0,0,,,
2022,newborns,NEO1,Basic care for newborns (from GA 35 0/7 weeks of pregnancy and GG 2000g),1773,1610,2078,917,727,0,790,1044,1148,1883,707,0,0,26,445,0,0,,0,0,0,0,0,0,460,392,0,,0,0,,,
2022,newborns,NEO1.1,Neonatology (from GA 32 0/7 weeks of pregnancy and GG 1250g),456,401,240,10,17,0,1,5,109,352,17,0,0,108,5,0,0,,0,0,0,0,0,0,2,7,0,,0,0,,,
2022,newborns,NEO1.1.1,Specialized Neonatology (from GA 28 0/7 weeks of pregnancy and GG 1000g) valid from 01.10.2024,256,31,6,1,1,0,1,0,7,6,4,0,0,144,1,0,0,,0,0,0,0,0,0,0,0,0,,0,0,,,
2022,newborns,NEO1.1.1.1,Highly specialized neonatology (GA < 28 0/7 weeks of pregnancy and GG < 1000g),88,6,1,0,0,0,0,0,0,0,0,0,0,3,0,0,0,,0,0,0,0,0,0,0,0,0,,0,0,,,
2022,(radio) oncology,ONK1,oncology,192,160,67,38,1,0,8,31,4,10,12,29,0,150,4,0,8,,0,0,0,0,0,0,16,7,0,,0,0,,,
2022,Radio-Oncology,RAO1,radiation oncology,261,176,160,93,0,0,1,2,0,10,0,1,0,6,27,0,0,,0,0,28,0,0,0,1,1,0,,0,0,,,
2022,Nuclear Medicine,NUK1,nuclear medicine,124,83,89,14,0,0,0,0,0,0,0,0,0,0,0,0,0,,0,0,0,0,0,0,0,0,0,,0,0,,,
2022,Serious injuries,UNF1,trauma surgery (polytrauma),133,34,14,6,3,0,1,8,7,1,6,5,0,14,4,6,0,,0,0,0,0,0,0,1,0,0,,0,0,,,
2022,Serious injuries,UNF1.1,Specialized trauma surgery (traumatic brain injury),169,39,26,10,9,0,4,4,12,9,5,23,0,26,5,3,1,,0,0,0,0,1,0,3,0,0,,2,0,,,
2022,Serious injuries,UNF2,Treatment of Severe Burns in Adults (IVHSM),95,3,3,1,0,0,0,0,0,0,3,0,0,23,0,0,0,,0,0,0,0,0,1,0,0,0,,0,0,,,
