labels_ALL,Service sector,SPLG,SPLG_Description,Universitasspital Zurich,Kantonsspital Winterthur,Stadtspital Triemli,Klinik Hirslanden,See-Spital Standort Horgen,See-Spital Standort Kilchberg,Spital Uster,Spital Limmattal,Spital Bulach,Spital Zollikerberg,GZO AG Spital Wetzikon,Stadtspital Waid,Schulthess Klinik,Kinderspital Zurich,Spital Manedorf,Universitatsklinik Balgrist,Spital Affoltern,Paracelsus-Spital Richterswil,Limmatklinik,Klinik Lengg,Uroviva Klinik fur Urologie,Adus Medica,Klinik Susenberg,Sune-Egge,Klinik Im Park,Privatklinik Bethanien,Klinik Pyramide am See,"Klinik Pyramide 
Schwerzenbach",Klinik Lindberg,Klinik Tiefenbrunnen,Eulachklinik,"Schweizerisches 
Epilepsie-Zentrum",Spitaler Schaffhausen
2018,basic package,BP,Basic Package,9787,10963,9271,3439,3726,334,4715,4688,4759,3218,4919,5655,380,4485,3545,654,2065,488,269,26,167,174,170,118,1080,503,637,,340,45,,,
2018,dermatology,DER1,Dermatology (including sexually transmitted diseases),266,44,26,13,13,0,11,54,10,6,16,3,0,54,44,1,2,3,1,0,0,0,0,0,2,1,1,,3,3,,,
2018,dermatology,DER1.1,Dermatological Oncology,358,25,5,8,0,0,0,0,0,0,1,0,0,0,0,0,0,1,0,0,0,0,0,0,6,1,1,,1,0,,,
2018,dermatology,DER1.2,Severe skin diseases,21,1,1,0,0,0,0,2,0,0,0,0,0,5,0,0,1,0,0,0,0,0,0,0,1,0,0,,0,0,,,
2018,dermatology,DER2,wound patients,53,17,12,11,7,1,8,7,9,7,7,14,1,8,7,2,2,1,0,0,0,0,0,5,3,2,5,,0,1,,,
2018,"ear, nose and throat",HNO1,"Ear, nose and throat (ENT surgery)",928,145,34,63,76,62,131,106,56,6,113,41,0,273,66,1,25,2,201,0,0,221,0,0,19,14,42,,5,0,,,
2018,"ear, nose and throat",HNO1.1,neck and facial surgery,669,93,8,47,19,8,6,36,30,0,13,39,0,146,15,0,2,0,105,0,0,12,0,0,6,46,13,,6,0,,,
2018,"ear, nose and throat",HNO1.1.1,Complex neck procedures (interdisciplinary tumor surgery),37,5,0,2,0,0,0,0,1,0,0,1,0,0,0,0,1,0,2,0,0,0,0,0,0,0,1,,0,0,,,
2018,"ear, nose and throat",HNO1.2,Advanced nasal surgery with sinuses,589,128,1,299,90,49,150,80,48,27,126,62,0,8,83,0,28,18,256,0,0,232,0,0,12,5,91,,39,3,,,
2018,"ear, nose and throat",HNO1.2.1,"Advanced nasal surgery, paranasal sinuses with dura opening (interdisciplinary skull base surgery)",13,0,0,45,0,0,0,0,0,0,0,0,0,1,0,0,0,0,0,0,0,0,0,0,0,0,0,,0,0,,,
2018,"ear, nose and throat",HNO1.3,"Middle ear surgery (tympanoplasty, mastoid surgery, osiculoplasty including stapes operations)",398,2,0,2,4,1,0,3,0,0,0,0,0,3,0,0,0,0,0,0,0,0,0,0,0,16,2,,0,0,,,
2018,"ear, nose and throat",HNO1.3.1,Advanced ear surgery with inner ear and/or dura opening,6,0,0,4,0,0,0,0,0,0,0,0,0,0,0,0,0,0,0,0,0,0,0,0,0,0,0,,0,0,,,
2018,"ear, nose and throat",HNO1.3.2,cochlear implants (IVHSM),61,0,0,0,0,0,0,0,0,0,0,0,0,4,0,0,0,0,0,0,0,0,0,0,0,0,0,,0,0,,,
2018,"ear, nose and throat",HNO2,thyroid and parathyroid surgery,181,142,108,154,1,21,17,62,54,64,24,61,0,0,10,0,0,0,0,0,0,1,0,0,13,41,9,,6,0,,,
2018,Oral surgery,KIE1,jaw surgery,421,85,0,7,3,1,3,2,0,2,0,2,0,34,0,0,1,1,46,0,0,0,0,0,9,0,36,,2,0,,,
2018,neurosurgery,NCH1,Cranial Neurosurgery,615,90,1,253,0,0,0,0,0,0,1,0,13,126,0,0,0,0,14,0,0,0,0,0,8,6,9,,0,0,,,
2018,neurosurgery,NCH1.1,Specialized Neurosurgery,81,3,0,43,0,0,0,0,0,0,0,0,0,1,0,0,0,0,0,0,0,0,0,0,0,1,0,,0,0,,,
2018,neurosurgery,NCH1.1.1,Treatments of vascular diseases of the CNS without the complex vascular anomalies (IVHSM),220,5,2,66,0,0,0,0,0,0,0,0,0,1,0,0,0,0,0,0,0,0,0,0,0,0,0,,0,0,,,
2018,neurosurgery,NCH1.1.1.1,Treatments of complex vascular anomalies of the central nervous system (IVHSM),41,0,0,21,0,0,0,0,0,0,0,0,0,32,0,0,0,0,0,0,0,0,0,0,0,0,0,,0,0,,,
2018,neurosurgery,NCH1.1.2,Functional Neurosurgery (IVHSM),42,0,0,0,0,0,0,0,0,0,0,0,0,0,0,0,0,0,0,0,0,0,0,0,0,0,0,,0,0,,,
2018,neurosurgery,NCH1.1.3,Surgical Treatment of Refractory Epilepsy (IVHSM),15,0,0,1,0,0,0,0,0,0,0,0,0,2,0,0,0,0,0,0,0,0,0,0,0,0,0,,0,0,,,
2018,neurosurgery,NCH2,spinal neurosurgery,2,1,1,3,0,0,0,0,0,0,0,0,3,1,0,0,0,0,0,0,0,0,0,0,0,0,0,,0,0,,,
2018,neurosurgery,NCH2.1,Treatment of Rare Spinal Cord Tumors (IVHSM),4,0,0,4,0,0,0,0,0,0,0,0,1,1,0,0,0,0,0,0,0,0,0,0,1,0,0,,0,0,,,
2018,neurosurgery,NCH3,Peripheral Neurosurgery,21,12,0,7,0,2,1,1,0,0,0,0,4,1,0,2,0,0,0,0,0,0,0,0,2,3,4,,1,0,,,
2018,neurology,NEU1,neurology,234,110,108,62,26,0,60,65,37,21,65,41,0,130,32,1,13,0,0,65,0,0,1,1,5,1,2,,1,0,,,
2018,neurology,NEU2,Secondary Malignant Neoplasm of the Nervous System,59,19,22,20,3,0,11,8,6,3,12,11,0,2,11,0,2,2,0,0,0,0,0,0,3,0,0,,0,0,,,
2018,neurology,NEU2.1,Primary neoplasm of the CNS (excluding palliative patients),81,19,10,21,5,0,5,2,9,0,6,5,1,78,4,0,14,6,0,0,0,0,5,0,1,0,0,,0,0,,,
2018,neurology,NEU3,Cerebrovascular disorders,825,467,380,288,91,0,136,189,109,76,147,129,0,57,118,0,43,2,0,0,0,0,5,0,8,1,0,,0,0,,,
2018,neurology,NEU3.1,Complex Treatment of Strokes (IVHSM),94,0,0,35,0,0,0,0,0,0,0,0,0,0,0,0,0,0,0,0,0,0,0,0,0,0,0,,0,0,,,
2018,neurology,NEU4,Epileptology: Complex Diagnostics,14,0,0,34,0,0,0,0,0,0,0,0,0,57,0,0,0,0,0,285,0,0,0,0,0,0,0,,0,0,,,
2018,neurology,NEU4.1,Epileptology: Complex Treatment,23,0,0,0,0,0,0,0,0,0,0,0,0,0,0,0,0,0,0,79,0,0,0,0,0,0,0,,0,0,,,
2018,neurology,NEU4.2,Presurgical Epilepsy Diagnostics (Phase I),68,0,0,0,0,0,0,0,0,0,0,0,0,1,0,0,0,0,0,418,0,0,0,0,0,0,0,,0,0,,,
2018,Ophthalmologie,AUG1,Ophthalmologie,216,89,23,0,0,0,4,0,0,0,2,0,0,2,0,0,0,1,5,0,0,0,0,0,20,1,7,,1,0,,,
2018,Ophthalmologie,AUG1.1,strabology,72,0,4,0,0,0,0,0,0,0,0,0,0,2,0,0,0,0,14,0,0,5,0,0,0,0,0,,0,0,,,
2018,Ophthalmologie,AUG1.2,"orbit, eyelids, tear ducts",46,7,2,5,0,1,0,2,0,0,0,0,0,2,0,0,0,0,9,0,0,0,0,0,3,0,15,,1,9,,,
2018,Ophthalmologie,AUG1.3,Specialized anterior segment surgery (including glaucoma),164,121,94,0,0,0,0,0,0,0,0,0,0,0,0,0,0,0,57,0,0,0,0,0,83,0,25,,0,0,,,
2018,Ophthalmologie,AUG1.4,cataract,110,461,198,127,0,0,0,0,0,4,0,0,0,3,0,0,0,0,9,0,0,1,0,0,49,0,100,,0,0,,,
2018,Ophthalmologie,AUG1.5,vitreous and retinal problems,873,54,338,0,0,0,0,0,0,1,0,0,0,0,0,0,0,0,212,0,0,0,0,0,61,0,0,,0,0,,,
2018,endocrinology,END1,endocrinology,122,61,48,39,31,1,62,49,47,31,46,55,0,71,20,10,19,2,0,0,2,1,3,0,12,2,3,,1,0,,,
2018,gastroenterology,GAE1,gastroenterology,803,722,652,470,244,0,531,359,318,199,261,458,0,99,296,0,140,70,0,0,0,0,0,0,117,21,0,,5,0,,,
2018,gastroenterology,GAE1.1,Specialized Gastroenterology,210,145,128,132,26,0,51,93,66,38,103,90,0,2,43,0,8,2,0,0,0,0,0,0,46,14,0,,3,0,,,
2018,visceral surgery,VIS1,visceral surgery,588,303,271,346,41,3,40,113,79,32,76,72,0,60,113,0,4,1,0,0,0,0,0,0,101,33,30,,16,0,,,
2018,visceral surgery,VIS1.1,pancreatectomy in adults (IVHSM),46,40,51,52,0,0,0,1,0,0,0,0,0,0,0,0,0,0,0,0,0,0,0,0,5,1,0,,0,0,,,
2018,visceral surgery,VIS1.2,liver resection in adults (IVHSM),63,51,27,35,0,0,0,0,1,0,0,0,0,0,0,0,0,0,0,0,0,0,0,0,7,5,0,,0,0,,,
2018,visceral surgery,VIS1.3,esophagectomy in adults (IVHSM),25,15,22,42,0,0,0,0,0,0,0,0,0,7,0,0,0,0,0,0,0,0,0,0,0,0,0,,1,0,,,
2018,visceral surgery,VIS1.4,Bariatric surgery,118,1,25,50,0,0,0,161,0,0,106,8,0,0,97,0,0,0,0,0,0,0,0,0,0,1,2,,1,0,,,
2018,visceral surgery,VIS1.4.1,Komplexe bariatrische Chirurgie (IVHSM),26,0,3,114,1,0,0,113,1,0,9,0,0,0,0,0,0,0,0,0,0,0,0,0,0,1,0,,0,0,,,
2018,visceral surgery,VIS1.5,Deep Rectal Resection in Adults (IVHSM),24,34,23,34,0,0,8,13,7,0,0,3,0,0,8,0,0,0,0,0,0,0,0,0,2,7,0,,0,0,,,
2018,hematology,HAE1,Aggressive Lymphome und akute Leuk?ien,270,25,21,33,1,0,11,15,14,5,12,12,0,192,8,1,4,4,0,0,0,0,0,0,10,0,0,,2,0,,,
2018,hematology,HAE1.1,Highly aggressive lymphomas and acute leukemias,167,2,0,6,0,0,0,0,0,0,0,0,0,20,0,0,0,0,0,0,0,0,0,0,0,0,0,,0,0,,,
2018,hematology,HAE2,Indolent lymphomas and chronic leukemias,570,241,141,165,31,1,63,45,46,30,64,66,0,25,43,3,34,33,0,0,0,0,7,0,32,3,0,,2,0,,,
2018,hematology,HAE3,Myelodysplastische Syndrome,54,31,20,24,9,0,32,12,12,10,15,14,0,1,9,0,6,4,0,0,0,0,3,0,10,2,0,,1,0,,,
2018,hematology,HAE4,Autologous blood stem cell transplantation,87,0,12,45,0,0,0,0,0,0,0,0,0,7,0,0,0,0,0,0,0,0,0,0,0,0,0,,0,0,,,
2018,hematology,HAE5,Allogeneic hematopoietic stem cell transplantation in adults (IVHSM),67,0,0,0,0,0,0,0,0,0,0,0,0,24,0,0,0,0,0,0,0,0,0,0,0,0,0,,0,0,,,
2018,vessels,GEF1,vascular surgery peripheral vessels (arterial),94,162,55,75,4,1,2,26,2,2,3,9,2,5,1,1,0,0,0,0,0,0,0,0,65,8,0,,0,0,,,
2018,Angiology,ANG1,interventions peripheral vessels (arterial),461,264,103,161,22,0,2,38,18,13,0,51,0,3,16,3,2,0,0,0,0,0,0,0,146,15,0,,0,0,,,
2018,vessels,GEFA,Interventions and vascular surgery intra-abdominal vessels,412,191,115,247,0,0,1,7,0,1,0,16,0,22,1,0,0,0,0,0,0,1,0,0,73,2,0,,0,0,,,
2018,vessels,GEF3,vascular surgery carotid,74,49,42,65,0,0,0,11,0,0,1,1,1,1,0,1,0,0,0,0,0,0,0,0,10,2,0,,0,0,,,
2018,Angiology,ANG3,Interventions carotid and extracranial vessels,76,21,13,18,0,0,0,2,0,0,0,1,0,0,0,0,0,0,0,0,0,0,0,0,1,0,0,,0,0,,,
2018,Radiology,RAD1,Interventional Radiology,138,30,29,119,4,0,3,10,2,6,3,6,0,3,11,1,1,0,0,0,0,0,0,0,15,3,14,,0,0,,,
2018,Heart,HER1,Simple heart surgery,23,5,12,13,0,0,0,0,0,0,0,0,0,1,0,0,0,0,0,0,0,0,0,0,1,0,0,,0,0,,,
2018,Heart,HER1.1,Cardiac surgery and vascular interventions with heart-lung machine,85,2,19,20,0,0,0,0,0,0,0,1,0,93,0,0,0,0,0,0,0,0,0,0,3,0,3,,0,0,,,
2018,Heart,HER1.1.1,coronary artery surgery (CABG),367,0,158,240,0,0,0,0,0,0,0,0,0,0,0,0,0,0,0,0,0,0,0,0,31,0,0,,0,0,,,
2018,Heart,HER1.1.2,Complex Congenital Cardiac Surgery/Cardiology (including surgery as a child),0,0,0,0,0,0,0,0,0,0,0,0,0,35,0,0,0,0,0,0,0,0,0,0,0,0,0,,0,0,,,
2018,Heart,HER1.1.3,Surgery and Interventions on the Thoracic Aorta,122,0,15,21,0,0,0,0,0,0,0,0,0,75,0,0,0,0,0,0,0,0,0,0,0,0,0,,0,0,,,
2018,Heart,HER1.1.4,Open surgery on the aortic valve,178,0,112,190,0,0,0,0,0,0,0,0,0,10,0,0,0,0,0,0,0,0,0,0,40,0,0,,0,0,,,
2018,Heart,HER1.1.5,Open interventions on the mitral valve,142,0,77,132,0,0,0,0,0,0,0,0,0,10,0,0,0,0,0,0,0,0,0,0,24,0,0,,0,0,,,
2018,Cardiology,KAR1,Cardiology and Devices,138,87,158,148,7,0,32,35,26,23,29,74,0,6,8,0,0,1,0,0,0,0,0,0,90,1,0,,0,0,,,
2018,Cardiology,KAR1.1,Interventional Cardiology (Coronary Procedures),2138,908,1957,1501,7,0,56,13,4,9,81,6,0,44,15,0,2,3,0,0,0,0,0,0,500,0,0,,0,0,,,
2018,Cardiology,KAR1.1.1,Interventional Cardiology (Special Procedures),886,94,353,422,0,0,0,0,2,0,74,0,0,118,1,0,0,0,0,0,0,0,0,0,420,0,0,,0,0,,,
2018,Cardiology,KAR1.2,Electrophysiology (Ablation),182,10,61,69,0,0,0,1,0,0,30,0,0,32,0,0,0,0,0,0,0,0,0,0,193,0,0,,0,0,,,
2018,Cardiology,KAR1.3,Implantable Cardioverter Defibrillator / CRT,206,32,95,37,0,0,0,0,0,0,29,4,0,1,0,0,0,0,0,0,0,0,0,0,34,0,0,,0,0,,,
2018,Nephrologie,NEP1,nephrology (kidney failure),319,92,94,25,22,0,32,33,19,56,46,99,0,12,20,2,1,0,0,0,0,0,1,0,45,0,0,,0,0,,,
2018,urology,URO1,Urology without specialization 'Operative Urology',1452,1251,974,955,223,525,678,675,132,300,470,260,0,221,417,53,130,121,4,0,685,7,1,0,210,269,20,,90,0,,,
2018,urology,URO1.1,Urology with a focus on 'Operative Urology',231,160,98,128,20,14,35,107,3,68,53,18,0,176,26,3,5,14,0,0,101,0,0,0,18,33,14,,9,0,,,
2018,urology,URO1.1.1,Radical prostatectomy,97,107,52,231,1,12,50,39,0,0,0,0,0,0,36,0,0,0,0,0,74,0,0,0,4,12,0,,1,0,,,
2018,urology,URO1.1.2,Radical and simple cystectomy (IVHSM),44,32,16,32,0,0,0,0,0,0,0,0,0,1,11,0,0,0,0,0,0,0,0,0,9,1,0,,1,0,,,
2018,urology,URO1.1.3,Complex kidney surgery (tumor nephrectomy and partial kidney dissection),78,53,36,67,0,1,18,30,0,3,1,0,0,8,28,0,0,0,0,0,3,0,0,0,2,6,0,,0,0,,,
2018,urology,URO1.1.4,Isolated adrenalectomy,17,6,5,10,0,0,0,8,1,0,1,0,0,2,3,0,0,0,0,0,0,0,0,0,0,0,0,,0,0,,,
2018,urology,URO1.1.7,Implantation of an artificial bladder sphincter,27,13,0,13,0,1,1,0,0,0,0,0,0,0,4,0,0,0,0,0,6,0,0,0,0,0,0,,1,0,,,
2018,urology,URO1.1.8,Percutaneous nephrostomy with disintegration of stone material,7,6,20,6,0,0,4,4,0,3,0,0,0,0,0,0,0,0,0,0,20,0,0,0,0,0,0,,0,0,,,
2018,Pneumologie,PNE1,Pneumologie,887,349,406,118,157,0,258,183,229,88,190,278,1,118,114,2,17,4,0,0,0,0,6,1,68,3,0,,1,0,,,
2018,Pneumologie,PNE1.1,Pneumology with specific ventilation therapy,7,6,0,1,0,0,2,1,0,1,2,0,0,17,0,0,0,0,0,0,0,0,0,0,0,0,0,,0,0,,,
2018,Pneumologie,PNE1.2,Assessment or status after lung transplantation,702,2,0,0,0,0,0,0,0,0,0,1,0,0,0,0,0,0,0,0,0,0,0,0,0,0,0,,0,0,,,
2018,Pneumologie,PNE1.3,cystic fibrosis,46,11,0,0,0,0,1,0,0,0,0,0,0,28,0,0,0,0,0,0,0,0,0,0,0,0,0,,0,0,,,
2018,Pneumologie,PNE2,Polysomnographie,80,16,2,1,0,0,0,0,5,2,6,1,0,42,0,0,0,0,0,5,0,0,0,0,0,0,0,,0,0,,,
2018,Thoraxchirurgie,THO1,Thoraxchirurgie,61,12,11,11,0,0,0,0,0,0,1,0,0,18,3,0,0,0,0,0,0,0,0,0,1,0,1,,0,0,,,
2018,Thoraxchirurgie,THO1.1,Malignant neoplasms of the respiratory system (curative resection by lobectomy and pneumonectomy),155,59,40,69,0,0,0,0,0,0,0,0,0,0,0,0,0,0,0,0,0,0,0,0,1,0,0,,0,0,,,
2018,Thoraxchirurgie,THO1.2,mediastinal interventions,53,23,28,28,0,0,0,0,0,0,0,0,0,0,0,0,0,0,0,0,0,0,0,0,1,0,0,,0,0,,,
2018,transplants,TPL1,heart transplants (IVHSM),13,0,0,0,0,0,0,0,0,0,0,0,0,2,0,0,0,0,0,0,0,0,0,0,0,0,0,,0,0,,,
2018,transplants,TPL2,lung transplants (IVHSM),19,0,0,0,0,0,0,0,0,0,0,0,0,0,0,0,0,0,0,0,0,0,0,0,0,0,0,,0,0,,,
2018,transplants,TPL3,liver transplants (IVHSM),53,0,0,0,0,0,0,0,0,0,0,0,0,0,0,0,0,0,0,0,0,0,0,0,0,0,0,,0,0,,,
2018,transplants,TPL4,Pankreas- und Inseltransplantationen (IVHSM),6,0,0,0,0,0,0,0,0,0,0,0,0,0,0,0,0,0,0,0,0,0,0,0,0,0,0,,0,0,,,
2018,transplants,TPL5,Nierentransplantationen (IVHSM),82,0,0,0,0,0,0,0,0,0,0,0,0,9,0,0,0,0,0,0,0,0,0,0,0,0,0,,0,0,,,
2018,transplants,TPL6,Darmtransplantation,,,,,,,,,,,,,,,,,,,,,,,,,,,,,,,,,
2018,transplants,TPL7,Milztransplantation,,,,,,,,,,,,,,,,,,,,,,,,,,,,,,,,,
2018,musculoskeletal system surgically,BEW1,surgery musculoskeletal system,640,706,316,658,118,197,242,255,257,163,144,211,1400,134,166,1346,44,17,167,0,0,77,0,0,402,154,121,,153,0,,,
2018,musculoskeletal system surgically,BEW2,orthopedics,116,160,90,147,33,111,61,82,58,78,31,58,508,76,41,167,15,7,34,0,0,48,0,2,121,39,65,,20,0,,,
2018,musculoskeletal system surgically,BEW3,hand surgery,146,254,87,70,21,6,46,118,74,14,25,21,120,76,70,102,7,1,3,0,0,1,0,0,65,39,92,,17,0,,,
2018,musculoskeletal system surgically,BEW4,Arthroscopy of the shoulder and elbow,2,30,9,23,1,9,19,8,10,12,5,10,255,3,21,33,2,3,0,0,0,14,0,0,14,26,2,,9,0,,,
2018,musculoskeletal system surgically,BEW5,arthroscopy of the knee,44,209,91,737,42,235,113,124,121,34,45,41,615,17,73,322,33,57,27,0,0,155,0,0,141,377,59,,208,0,,,
2018,musculoskeletal system surgically,BEW6,upper extremity reconstruction,22,292,50,307,55,301,200,128,62,108,77,114,1012,0,113,536,27,14,3,0,0,76,0,0,126,156,33,,73,0,,,
2018,musculoskeletal system surgically,BEW7,lower extremity reconstruction,1,107,20,82,1,19,12,11,4,4,11,4,170,11,1,155,0,49,0,0,0,9,0,0,25,41,5,,12,0,,,
2018,musculoskeletal system surgically,BEW7.1,first hip prosthesis,40,516,81,319,41,257,124,116,174,111,148,78,962,0,119,362,43,2,0,0,0,19,0,0,113,165,4,,46,0,,,
2018,musculoskeletal system surgically,BEW7.2,first knee prosthesis,1,344,37,233,35,275,101,179,125,94,171,22,887,0,94,248,36,17,0,0,0,27,0,0,90,225,35,,117,0,,,
2018,musculoskeletal system surgically,BEW7.3,Lower extremity reconstruction?,7,66,5,105,15,24,27,21,17,37,37,14,244,0,6,133,7,5,0,0,0,1,0,0,15,46,14,,8,0,,,
2018,musculoskeletal system surgically,BEW8,spinal surgery,424,519,365,922,87,48,1,2,2,562,0,2,1240,21,52,753,13,0,0,0,0,0,0,0,417,128,21,,110,0,,,
2018,musculoskeletal system surgically,BEW8.1,Specialized spine surgery,23,7,2,25,1,0,2,0,0,75,0,0,44,11,0,70,0,0,0,0,0,0,0,0,36,1,17,,7,0,,,
2018,musculoskeletal system surgically,BEW9,tumors of the musculoskeletal system,14,1,0,2,0,0,1,0,0,0,0,0,4,1,0,13,0,0,0,0,0,1,0,0,1,0,0,,0,0,,,
2018,musculoskeletal system surgically,BEW10,plexus surgery,5,0,0,4,0,0,1,0,0,0,0,1,2,1,0,5,0,0,0,0,0,4,0,0,1,2,0,,1,0,,,
2018,musculoskeletal system surgically,BEW11,Replantationen,9,1,0,0,0,0,0,0,0,0,0,0,0,1,0,0,0,0,0,0,0,0,0,0,0,0,0,,0,0,,,
2018,rheumatology,RHE1,rheumatology,239,107,141,31,22,16,45,52,31,40,47,60,38,34,45,82,14,3,0,0,0,6,1,1,17,12,8,,9,0,,,
2018,rheumatology,RHE2,Interdisciplinary Rheumatology,92,18,6,1,3,0,2,1,3,0,5,2,0,16,4,0,1,0,0,0,0,0,1,0,1,0,0,,1,0,,,
2018,gynecology,GYN1,gynecology,1295,555,455,501,329,130,187,322,198,258,349,5,0,29,279,0,44,77,17,0,22,3,0,0,255,205,87,,37,0,,,
2018,gynecology,GYNT,Gynecological tumors,96,39,48,28,15,1,17,31,26,15,23,0,0,0,16,0,0,6,0,0,0,0,0,0,12,8,2,,1,0,,,
2018,gynecology,GYN2,Recognized certified breast center,170,168,105,311,2,60,28,66,56,60,113,0,0,0,49,0,11,39,129,0,0,0,0,0,113,93,81,,18,0,,,
2018,Procedures Related to Transsexuality,PLC1,Interventions related to transsexuality,27,0,0,0,0,0,0,0,0,0,0,0,0,0,0,0,0,0,0,0,0,0,0,0,0,0,0,,0,0,,,
2018,obstetrics,GEBH,birthing centers (from 37 weeks of pregnancy),,,,,,,,,,,,,,,,,,,,,,,,,,,,,,,,,
2018,obstetrics,GEB1,Basic obstetric care (from 34 weeks of pregnancy and >= 2000g),3194,1948,2383,882,825,2,1028,1138,1502,2404,1037,3,0,0,654,0,317,597,0,0,0,0,0,0,519,475,0,,1,0,,,
2018,obstetrics,GEB1.1,Obstetrics (from 32 weeks of pregnancy and >= 1250g),189,38,6,0,1,0,1,1,9,4,1,0,0,0,0,0,0,0,0,0,0,0,0,0,0,0,0,,0,0,,,
2018,obstetrics,GEB1.1.1,Specialized Obstetrics,127,10,1,1,1,0,1,0,1,0,2,0,0,0,0,0,0,0,0,0,0,0,0,0,0,1,0,,0,0,,,
2018,newborns,NEOG,Basic care for newborns in the birthing center (from 37 weeks of pregnancy and GG 2000g),,,,,,,,,,,,,,,,,,,,,,,,,,,,,,,,,
2018,newborns,NEO1,Basic care for newborns (from GA 35 0/7 weeks of pregnancy and GG 2000g),2173,1534,1984,832,669,0,886,940,1306,2033,829,0,0,59,550,0,277,489,0,0,0,0,0,0,498,433,0,,0,0,,,
2018,newborns,NEO1.1,Neonatology (from GA 32 0/7 weeks of pregnancy and GG 1250g),109,181,236,11,8,0,11,12,86,297,14,0,0,192,3,0,4,2,0,0,0,0,0,0,2,23,0,,0,0,,,
2018,newborns,NEO1.1.1,Specialized Neonatology (from GA 28 0/7 weeks of pregnancy and GG 1000g) valid from 01.10.2024,536,158,25,0,5,0,2,2,23,4,17,0,0,139,2,0,0,0,0,0,0,0,0,0,0,9,0,,0,0,,,
2018,newborns,NEO1.1.1.1,Highly specialized neonatology (GA < 28 0/7 weeks of pregnancy and GG < 1000g),63,8,1,0,0,0,1,0,0,0,1,0,0,5,0,0,0,1,0,0,0,0,0,0,0,0,0,,0,0,,,
2018,(radio) oncology,ONK1,oncology,220,232,122,27,0,0,10,34,3,6,60,12,0,63,8,0,0,35,0,0,0,0,1,0,31,21,0,,1,0,,,
2018,Radio-Oncology,RAO1,radiation oncology,250,207,257,86,0,0,2,2,2,3,1,0,0,1,28,0,0,0,0,0,19,0,0,0,1,0,0,,0,0,,,
2018,Nuclear Medicine,NUK1,nuclear medicine,202,121,120,97,1,0,11,0,1,1,0,0,0,2,2,1,1,0,0,0,0,0,0,0,9,0,0,,0,0,,,
2018,Serious injuries,UNF1,trauma surgery (polytrauma),124,33,19,1,6,0,3,8,8,1,2,5,1,9,0,1,2,0,0,0,0,0,1,0,0,0,0,,1,0,,,
2018,Serious injuries,UNF1.1,Specialized trauma surgery (traumatic brain injury),150,48,20,5,14,0,12,6,8,8,9,15,0,31,2,1,5,1,0,0,0,0,1,0,0,0,0,,1,0,,,
2018,Serious injuries,UNF2,Treatment of Severe Burns in Adults (IVHSM),60,2,4,0,0,0,0,1,0,1,0,1,0,23,0,1,1,0,0,0,0,0,0,0,0,0,0,,0,0,,,
