labels_ALL,Service sector,SPLG,SPLG_Description,Universitasspital Zurich,Kantonsspital Winterthur,Stadtspital Triemli,Klinik Hirslanden,See-Spital Standort Horgen,See-Spital Standort Kilchberg,Spital Uster,Spital Limmattal,Spital Bulach,Spital Zollikerberg,GZO AG Spital Wetzikon,Stadtspital Waid,Schulthess Klinik,Kinderspital Zurich,Spital Manedorf,Universitatsklinik Balgrist,Spital Affoltern,Paracelsus-Spital Richterswil,Limmatklinik,Klinik Lengg,Uroviva Klinik fur Urologie,Adus Medica,Klinik Susenberg,Sune-Egge,Klinik Im Park,Privatklinik Bethanien,Klinik Pyramide am See,"Klinik Pyramide 
Schwerzenbach",Klinik Lindberg,Klinik Tiefenbrunnen,Eulachklinik,"Schweizerisches 
Epilepsie-Zentrum",Spitaler Schaffhausen
2014,basic package,BP,Basic Package,8429,9888,8381,3229,3997,1021,5156,4383,4906,3187,4876,5959,3930,363,3352,524,2039,630,392,28,139,212,142,62,1071,541,1012,121,315,70,1,,4257
2014,dermatology,DER1,Dermatology (including sexually transmitted diseases),213,41,35,12,13,3,12,15,2,6,12,12,49,0,8,0,6,4,3,0,0,0,0,0,4,2,0,0,1,0,0,,20
2014,dermatology,DER1.1,Dermatological Oncology,582,38,9,13,2,0,2,6,3,1,1,9,1,0,0,1,1,1,1,0,0,0,0,0,4,17,12,0,2,1,0,,7
2014,dermatology,DER1.2,Severe skin diseases,17,3,0,0,0,0,0,1,0,0,1,0,7,0,0,0,0,0,0,0,0,0,0,0,0,0,0,1,0,0,0,,0
2014,dermatology,DER2,wound patients,198,81,86,57,40,9,44,77,43,10,52,63,20,5,28,15,15,1,2,0,1,0,0,7,7,2,0,0,4,0,0,,52
2014,"ear, nose and throat",HNO1,"Ear, nose and throat (ENT surgery)",584,151,56,833,97,115,144,45,80,14,141,100,384,0,124,0,270,4,31,0,0,188,0,0,540,28,42,8,7,0,0,,64
2014,"ear, nose and throat",HNO1.1,neck and facial surgery,597,59,3,38,14,7,11,7,4,2,5,10,143,0,13,0,4,4,90,0,0,1,0,0,6,91,6,0,4,0,0,,14
2014,"ear, nose and throat",HNO1.1.1,Complex neck procedures (interdisciplinary tumor surgery),30,1,0,1,0,0,0,0,0,0,0,0,0,0,0,0,0,1,0,0,0,0,0,0,0,6,0,0,0,0,0,,0
2014,"ear, nose and throat",HNO1.2,Advanced nasal surgery with sinuses,402,66,0,290,97,78,140,19,3,24,109,77,1,0,67,0,5,3,184,0,0,195,0,0,15,12,30,0,30,1,0,,15
2014,"ear, nose and throat",HNO1.2.1,"Advanced nasal surgery, paranasal sinuses with dura opening (interdisciplinary skull base surgery)",1,0,0,26,0,0,0,0,0,0,0,0,0,0,0,0,0,0,0,0,0,0,0,0,0,0,0,0,0,0,0,,0
2014,"ear, nose and throat",HNO1.3,"Middle ear surgery (tympanoplasty, mastoid surgery, osiculoplasty including stapes operations)",294,11,0,4,0,1,1,10,0,2,0,0,1,0,2,0,0,0,0,0,0,0,0,0,0,15,1,0,1,0,0,,0
2014,"ear, nose and throat",HNO1.3.1,Advanced ear surgery with inner ear and/or dura opening,4,0,0,0,0,0,0,0,0,0,0,0,0,0,0,0,0,0,0,0,0,0,0,0,1,0,0,0,0,0,0,,0
2014,"ear, nose and throat",HNO1.3.2,cochlear implants (IVHSM),64,0,0,0,0,0,0,0,0,0,0,0,13,0,0,0,0,0,0,0,0,0,0,0,0,0,0,0,0,0,0,,0
2014,"ear, nose and throat",HNO2,thyroid and parathyroid surgery,159,73,99,104,6,24,32,30,60,54,14,64,1,0,25,0,1,0,0,0,0,4,0,0,5,63,0,0,2,0,0,,28
2014,Oral surgery,KIE1,jaw surgery,193,98,1,4,3,0,4,1,0,1,0,1,32,0,0,1,0,1,89,0,0,0,0,0,1,5,47,0,12,0,0,,5
2014,neurosurgery,NCH1,Cranial Neurosurgery,604,88,6,253,1,0,3,1,1,1,3,2,104,2,0,1,0,0,2,0,0,0,0,0,40,6,5,0,2,0,0,,1
2014,neurosurgery,NCH1.1,Specialized Neurosurgery,86,1,0,55,0,0,0,0,0,0,0,0,3,0,0,0,0,0,0,0,0,0,0,0,0,0,0,0,0,0,0,,0
2014,neurology,NEU1,neurology,193,113,69,9,28,0,64,34,38,22,48,44,76,0,44,0,8,1,0,123,0,0,0,0,1,1,1,0,0,0,0,,57
2014,neurology,NEU2,Secondary Malignant Neoplasm of the Nervous System,37,15,18,15,5,0,17,11,8,3,10,11,5,0,4,0,2,2,0,0,0,0,0,0,2,1,0,0,0,0,0,,10
2014,neurology,NEU2.1,Primary neoplasm of the CNS (excluding palliative patients),62,9,2,7,1,0,4,7,12,5,6,1,49,0,8,1,6,1,0,0,0,0,7,0,2,0,0,0,0,0,0,,1
2014,neurology,NEU3,Cerebrovascular disorders,760,306,367,140,82,0,109,139,100,79,122,160,36,0,78,0,24,7,0,0,0,0,2,0,10,0,0,0,0,0,0,,145
2014,neurology,NEU4,Epileptology: Complex Diagnostics,36,1,2,33,0,0,0,5,0,0,0,0,28,0,0,0,0,0,0,700,0,0,0,0,0,0,0,0,0,0,0,,0
2014,neurology,NEU4.1,Epileptology: Complex Treatment,45,0,0,0,0,0,0,0,0,0,0,0,0,0,0,0,0,0,0,32,0,0,0,0,0,0,0,0,0,0,0,,0
2014,Ophthalmologie,AUG1,Ophthalmologie,199,53,22,5,0,2,0,1,0,0,0,0,3,0,1,0,0,0,10,0,0,0,0,0,3,1,1,0,0,0,0,,2
2014,Ophthalmologie,AUG1.1,strabology,139,0,0,1,0,0,0,0,0,0,0,0,0,0,0,0,0,0,3,0,0,2,0,0,0,0,0,0,0,0,0,,0
2014,Ophthalmologie,AUG1.2,"orbit, eyelids, tear ducts",2,0,0,0,0,0,0,0,0,0,0,0,0,0,0,0,0,0,0,0,0,0,0,0,0,0,0,0,0,0,0,,0
2014,Ophthalmologie,AUG1.3,Specialized anterior segment surgery (including glaucoma),36,10,0,5,0,1,0,0,0,0,0,0,1,0,0,0,0,0,8,0,0,0,0,0,3,4,19,0,0,7,0,,3
2014,Ophthalmologie,AUG1.4,cataract,16,0,3,0,0,0,0,0,0,0,0,0,0,0,0,0,0,0,13,0,0,0,0,0,0,0,0,0,0,0,0,,0
2014,Ophthalmologie,AUG1.5,vitreous and retinal problems,196,177,176,1,0,0,0,0,0,0,0,0,0,0,0,0,0,0,29,0,0,0,0,0,136,0,0,0,0,0,0,,0
2014,Ophthalmologie,AUG1.6,Cataract,208,472,272,137,0,2,0,4,0,55,0,0,0,0,0,0,0,0,50,0,0,1,0,0,77,0,141,41,0,0,0,,0
2014,Ophthalmologie,AUG1.7,Vitreous Body/Rodent Retina Problems,594,6,113,1,0,0,0,0,0,1,0,0,0,0,0,0,0,0,20,0,0,0,0,0,0,0,0,0,0,0,0,,0
2014,endocrinology,END1,endocrinology,93,68,76,36,30,1,38,42,37,37,39,68,40,2,23,2,20,3,0,0,1,0,1,0,4,3,1,0,0,0,0,,28
2014,gastroenterology,GAE1,gastroenterology,705,633,629,497,189,0,458,348,319,233,304,555,53,0,381,3,106,70,0,0,0,0,0,0,82,33,0,0,1,0,0,,283
2014,gastroenterology,GAE1.1,Specialized Gastroenterology,201,155,119,103,15,1,45,53,50,40,84,94,7,0,68,0,17,4,0,0,0,0,0,0,9,11,0,0,0,0,0,,35
2014,visceral surgery,VIS1,visceral surgery,526,278,251,387,25,6,49,167,31,26,95,70,78,0,61,0,8,0,3,0,0,0,0,0,66,21,5,1,45,0,1,,136
2014,visceral surgery,VIS1.1,pancreatectomy in adults (IVHSM),32,26,42,48,0,0,2,2,0,0,1,1,3,0,0,0,0,0,0,0,0,0,0,0,12,1,0,0,0,0,0,,4
2014,visceral surgery,VIS1.2,liver resection in adults (IVHSM),105,47,29,52,1,0,3,0,1,0,2,0,0,0,1,0,1,0,0,0,0,0,0,0,19,0,0,0,0,0,0,,2
2014,visceral surgery,VIS1.3,esophagectomy in adults (IVHSM),54,12,13,26,0,0,0,2,0,0,2,0,3,0,0,0,0,0,0,0,0,0,0,0,2,2,0,0,0,0,0,,1
2014,visceral surgery,VIS1.4,Bariatric surgery,118,1,29,180,0,0,0,228,0,0,100,31,0,0,7,0,0,0,0,0,0,0,0,0,0,0,1,0,33,0,0,,26
2014,visceral surgery,VIS1.5,Deep Rectal Resection in Adults (IVHSM),39,32,30,38,0,0,12,26,11,3,2,6,1,0,7,0,0,0,0,0,0,0,0,0,8,7,0,0,4,0,0,,13
2014,hematology,HAE1,Aggressive Lymphome und akute Leuk?ien,135,33,28,18,6,0,19,6,12,12,7,5,166,0,12,3,5,2,0,0,0,0,1,0,5,1,0,0,1,0,0,,15
2014,hematology,HAE1.1,Highly aggressive lymphomas and acute leukemias,106,2,1,5,0,0,0,0,0,0,0,0,26,0,0,0,0,0,0,0,0,0,0,0,0,0,0,0,0,0,0,,0
2014,hematology,HAE2,Indolent lymphomas and chronic leukemias,418,137,145,136,26,0,61,40,50,28,41,76,10,0,34,1,11,26,0,0,0,0,9,1,38,8,0,0,2,0,0,,45
2014,hematology,HAE3,Myelodysplastische Syndrome,38,7,21,18,14,0,16,10,8,10,7,14,3,0,9,2,5,0,0,0,0,0,1,0,2,3,0,0,0,0,0,,14
2014,hematology,HAE4,Autologous blood stem cell transplantation,21,1,9,6,0,0,3,0,1,0,0,0,2,0,0,0,0,0,0,0,0,0,0,0,0,14,0,0,0,0,0,,0
2014,hematology,HAE5,Allogeneic hematopoietic stem cell transplantation in adults (IVHSM),17,0,0,5,0,0,0,1,1,0,0,0,23,15,0,0,0,1,0,0,0,0,0,0,10,0,0,0,0,0,0,,0
2014,vessels,GEF1,vascular surgery peripheral vessels (arterial),114,24,8,7,10,0,1,10,2,1,2,10,1,0,0,0,0,0,0,0,0,0,0,0,12,4,0,0,0,0,0,,23
2014,Angiology,ANG1,interventions peripheral vessels (arterial),524,269,105,113,45,0,2,66,28,11,5,123,1,0,15,5,1,0,0,0,0,0,0,0,117,23,0,0,0,0,0,,28
2014,vessels,GEF2,Vascular Surgery of Intra-abdominal Vessels,87,41,64,55,4,0,1,3,1,2,0,2,4,0,0,0,0,2,0,0,1,0,0,0,21,0,0,0,0,0,0,,6
2014,Angiology,ANG2,Intra-abdominal Vascular Intervention,289,171,63,90,4,0,0,15,0,0,2,13,21,0,3,0,0,0,0,0,0,0,0,0,23,0,0,0,0,0,0,,3
2014,vessels,GEF3,vascular surgery carotid,47,51,33,66,6,0,0,7,0,0,0,0,2,0,0,1,0,0,0,0,0,0,0,0,19,2,0,0,0,0,0,,11
2014,Angiology,ANG3,Interventions carotid and extracranial vessels,115,16,19,16,0,0,0,1,0,0,0,0,1,0,0,0,0,0,0,0,0,0,0,0,4,0,0,0,0,0,0,,0
2014,vessels,GEF4,Vascular surgery intracranial vessels,56,0,0,13,0,0,0,0,0,0,0,0,10,0,0,0,0,0,0,0,0,0,0,0,0,0,0,0,0,0,0,,0
2014,Angiology,ANG4,Intracranial Vascular Intervention,192,3,0,46,0,0,0,0,0,0,0,0,0,0,0,2,0,0,0,0,0,0,0,0,0,0,0,0,0,0,0,,0
2014,Radiology,RAD1,Interventional Radiology,127,16,31,33,23,0,2,15,7,14,7,8,2,0,21,3,20,0,0,0,0,0,0,0,21,2,0,0,0,0,0,,10
2014,Heart,HER1,Simple heart surgery,17,3,7,11,0,0,0,1,3,0,0,2,4,0,0,0,0,1,0,0,0,0,0,0,3,0,0,0,0,0,0,,0
2014,Heart,HER1.1,Cardiac surgery and vascular interventions with heart-lung machine,479,1,145,301,0,0,1,1,0,0,1,2,123,0,0,0,0,0,0,0,0,0,0,0,72,0,1,0,0,0,0,,0
2014,Heart,HER1.1.1,coronary artery surgery (CABG),431,0,331,401,0,0,0,0,0,0,0,0,2,0,0,0,0,0,0,0,0,0,0,0,87,0,0,0,0,0,0,,0
2014,Heart,HER1.1.2,Complex Congenital Cardiac Surgery/Cardiology (including surgery as a child),1,0,0,0,0,0,0,0,0,0,0,0,70,0,0,0,0,0,0,0,0,0,0,0,0,0,0,0,0,0,0,,0
2014,Cardiology,KAR1,Cardiology and Devices,102,105,139,188,24,0,45,41,30,11,22,63,12,0,19,0,1,0,0,0,0,0,0,0,97,0,0,0,0,0,0,,34
2014,Cardiology,KAR1.1,Interventional Cardiology (Coronary Procedures),1687,682,1867,1561,9,0,42,25,11,8,58,21,39,0,4,0,1,0,0,0,0,0,0,0,703,0,0,0,0,0,0,,9
2014,Cardiology,KAR1.1.1,Interventional Cardiology (Special Procedures),571,15,248,382,0,0,0,0,0,0,3,1,140,0,0,0,0,0,0,0,0,0,0,0,407,1,0,0,0,0,0,,1
2014,Cardiology,KAR1.2,Electrophysiology (Ablation),164,0,74,68,0,0,0,1,0,0,7,0,32,0,0,0,0,0,0,0,0,0,0,0,247,0,0,0,0,0,0,,0
2014,Cardiology,KAR1.3,Implantable Cardioverter Defibrillator / CRT,155,36,121,62,0,0,1,1,0,0,4,5,11,0,0,0,0,0,0,0,0,0,0,0,72,0,0,0,0,0,0,,2
2014,Nephrologie,NEP1,nephrology (kidney failure),239,106,68,13,5,0,24,40,24,77,40,138,7,0,25,2,0,0,0,0,0,0,1,0,36,0,0,0,0,0,0,,50
2014,urology,URO1,Urology without specialization 'Operative Urology',1496,1162,1081,708,151,487,714,601,79,228,338,174,189,0,384,29,19,47,0,0,642,5,0,0,268,329,3,0,102,0,0,,261
2014,urology,URO1.1,Urology with a focus on 'Operative Urology',152,73,85,107,11,34,31,36,8,30,31,13,66,0,21,0,0,3,0,0,59,1,0,0,12,17,9,0,4,0,0,,43
2014,urology,URO1.1.1,Radical prostatectomy,81,77,35,153,0,17,17,15,0,0,6,0,0,0,46,0,0,0,0,0,55,0,0,0,22,3,0,0,0,0,0,,23
2014,urology,URO1.1.2,Radical and simple cystectomy (IVHSM),43,20,18,15,0,0,0,4,1,0,0,0,0,0,11,0,0,0,0,0,0,0,0,0,1,0,0,0,0,0,0,,5
2014,urology,URO1.1.3,Complex kidney surgery (tumor nephrectomy and partial kidney dissection),63,33,47,44,0,0,10,15,18,0,7,0,19,0,23,0,0,0,0,0,1,0,0,0,6,6,0,0,1,0,0,,11
2014,urology,URO1.1.4,Isolated adrenalectomy,18,5,1,4,0,0,0,0,0,0,1,0,1,0,2,0,0,0,0,0,0,0,0,0,0,0,1,0,0,0,0,,2
2014,urology,URO1.1.5,Plastic Reconstruction of the Pyeloureteral Junction,20,7,8,9,0,0,0,1,0,0,3,0,18,0,8,0,0,0,0,0,5,0,0,0,0,0,0,0,0,0,0,,2
2014,urology,URO1.1.6,Plastic Reconstruction of the Urethra,17,6,1,21,0,1,2,0,0,1,2,0,60,0,0,0,0,0,0,0,1,0,0,0,0,1,0,0,0,0,0,,0
2014,urology,URO1.1.7,Implantation of an artificial bladder sphincter,10,6,0,9,0,0,0,0,0,0,0,0,1,0,1,0,0,0,0,0,0,0,0,0,0,0,0,0,0,0,0,,0
2014,urology,URO1.1.8,Percutaneous nephrostomy with disintegration of stone material,9,9,21,4,0,0,5,0,8,0,1,0,1,0,0,0,0,0,0,0,0,0,0,0,0,0,0,0,0,0,0,,0
2014,Pneumologie,PNE1,Pneumologie,951,565,401,150,115,1,246,147,214,87,205,301,222,0,114,1,48,23,0,6,0,0,2,0,38,13,0,0,2,0,0,,96
2014,Pneumologie,PNE1.1,Pneumology with specific ventilation therapy,39,4,17,2,5,0,1,12,0,0,6,18,1,0,1,0,1,0,0,0,0,0,0,0,0,0,0,0,0,0,0,,4
2014,Pneumologie,PNE1.2,Assessment or status after lung transplantation,170,0,0,0,0,0,0,0,0,0,0,0,0,0,0,0,0,0,0,0,0,0,0,0,0,0,0,0,0,0,0,,1
2014,Pneumologie,PNE1.3,cystic fibrosis,171,17,0,1,0,0,0,1,0,0,1,0,28,0,3,0,1,0,0,0,0,0,0,0,0,0,0,0,2,0,0,,0
2014,Pneumologie,PNE2,Polysomnographie,2,0,3,1,0,0,1,0,0,0,8,0,42,0,1,0,0,0,0,0,0,0,0,0,0,0,0,0,0,0,0,,0
2014,Thoraxchirurgie,THO1,Thoraxchirurgie,55,11,22,24,0,0,1,1,0,0,4,2,18,0,1,0,0,1,1,0,0,0,0,0,4,0,0,0,0,0,0,,3
2014,Thoraxchirurgie,THO1.1,Malignant neoplasms of the respiratory system (curative resection by lobectomy and pneumonectomy),115,40,46,51,0,0,0,0,0,0,0,0,0,0,0,0,0,0,0,0,0,0,0,0,8,0,0,0,0,0,0,,1
2014,Thoraxchirurgie,THO1.2,mediastinal interventions,66,7,17,7,1,0,0,0,0,0,0,0,4,0,0,0,0,0,0,0,0,0,0,0,1,0,0,0,0,0,0,,1
2014,transplants,TPL1,heart transplants (IVHSM),493,0,1,0,0,0,0,0,0,0,0,0,17,0,0,0,0,0,0,0,0,0,0,0,0,0,0,0,0,0,0,,0
2014,musculoskeletal system surgically,BEW1,surgery musculoskeletal system,573,666,269,613,107,306,181,222,190,226,175,207,317,1636,118,1232,61,126,53,0,2,43,0,0,316,106,64,5,77,8,0,,126
2014,musculoskeletal system surgically,BEW2,orthopedics,149,148,75,103,19,133,39,61,47,97,37,68,117,237,36,160,16,29,22,0,3,22,2,1,80,62,114,25,21,2,0,,24
2014,musculoskeletal system surgically,BEW3,hand surgery,216,141,63,91,47,26,75,125,56,15,29,37,74,138,49,96,9,6,2,0,13,0,0,0,131,45,38,0,5,4,0,,40
2014,musculoskeletal system surgically,BEW4,Arthroscopy of the shoulder and elbow,4,7,2,23,5,10,9,3,13,9,6,15,1,171,6,39,8,23,0,0,0,0,0,0,24,9,2,1,2,0,0,,0
2014,musculoskeletal system surgically,BEW5,arthroscopy of the knee,69,161,171,1001,108,619,327,136,84,130,74,119,34,654,139,366,176,52,28,0,0,36,0,0,282,242,6,2,179,0,3,,62
2014,musculoskeletal system surgically,BEW6,upper extremity reconstruction,16,224,38,352,37,327,138,138,71,67,56,143,3,1300,75,649,57,270,1,0,0,0,0,0,184,112,63,44,74,0,0,,43
2014,musculoskeletal system surgically,BEW7,lower extremity reconstruction,42,889,137,689,57,576,251,245,344,228,274,87,15,1897,181,741,116,44,1,0,0,11,0,0,222,348,5,3,100,0,0,,177
2014,musculoskeletal system surgically,BEW8,spinal surgery,335,675,331,865,95,185,2,3,1,484,3,2,22,992,69,730,34,0,0,0,0,0,0,0,178,82,16,8,114,0,0,,3
2014,musculoskeletal system surgically,BEW8.1,Specialized spine surgery,84,30,25,57,10,3,0,0,0,122,0,0,13,195,0,40,5,0,0,0,0,0,0,0,12,23,7,0,21,0,0,,0
2014,musculoskeletal system surgically,BEW9,tumors of the musculoskeletal system,0,1,0,3,0,3,1,0,0,0,0,0,2,3,0,10,0,0,0,0,0,0,0,0,1,0,0,0,0,0,0,,0
2014,musculoskeletal system surgically,BEW10,plexus surgery,8,4,0,6,0,4,0,0,0,0,0,5,1,4,0,7,0,9,0,0,0,0,0,0,24,3,0,1,3,0,0,,1
2014,musculoskeletal system surgically,BEW11,Replantationen,22,4,0,0,0,0,0,0,0,0,0,0,3,0,0,0,1,0,0,0,0,0,0,0,0,0,0,0,0,0,0,,1
2014,rheumatology,RHE1,rheumatology,288,159,254,37,45,16,48,43,35,36,38,66,48,80,32,157,20,8,3,0,0,1,1,1,9,5,87,16,10,0,0,,38
2014,rheumatology,RHE2,Interdisciplinary Rheumatology,76,16,11,2,5,0,1,4,1,2,2,2,14,0,1,0,3,0,0,0,0,0,0,0,2,0,0,0,0,0,0,,3
2014,gynecology,GYN1,gynecology,1359,644,548,701,222,183,280,294,179,228,413,7,26,0,214,0,51,139,8,0,24,2,0,0,366,292,17,0,72,0,1,,274
2014,gynecology,GYN1.1,Malignant neoplasms of the vulva and vagina,26,4,3,0,0,1,2,0,0,1,1,0,0,0,0,0,0,0,0,0,0,0,0,0,0,1,0,0,0,0,0,,3
2014,gynecology,GYN1.2,Malignant neoplasms of the cervix,12,1,2,2,0,0,0,2,0,1,0,0,0,0,0,0,0,0,0,0,0,0,0,0,0,0,0,0,0,0,0,,0
2014,gynecology,GYN1.3,Malignant neoplasms of the corpus uteri,96,27,43,19,12,6,15,7,16,17,26,1,0,0,11,0,6,9,0,0,0,0,2,0,6,10,0,0,3,0,0,,18
2014,gynecology,GYN1.4,Malignant neoplasms of the ovary,25,3,8,3,2,0,2,6,1,2,3,1,0,0,2,0,0,0,0,0,0,0,0,0,5,2,0,0,0,0,0,,2
2014,gynecology,GYN2,Recognized certified breast center,302,173,110,267,17,36,27,64,69,49,93,1,0,0,31,0,14,44,177,0,0,0,0,0,60,81,164,0,17,3,0,,92
2014,Procedures Related to Transsexuality,PLC1,Interventions related to transsexuality,20,0,0,0,0,0,0,0,0,0,0,0,0,0,0,0,0,0,0,0,0,0,0,0,0,0,0,0,0,0,0,,0
2014,obstetrics,GEB1,Basic obstetric care (from 34 weeks of pregnancy and >= 2000g),3941,2030,2416,1223,810,10,1127,1218,1591,1897,1112,1,0,0,639,0,433,639,0,0,0,0,0,0,691,468,0,0,204,0,0,,1012
2014,obstetrics,GEB1.1,Obstetrics (from 32 weeks of pregnancy and >= 1250g),161,28,9,2,1,0,0,1,9,5,4,0,0,0,0,0,1,0,0,0,0,0,0,0,1,0,0,0,0,0,0,,6
2014,obstetrics,GEB1.1.1,Specialized Obstetrics,71,9,1,0,0,0,0,0,4,2,2,0,0,0,0,0,0,0,0,0,0,0,0,0,0,0,0,0,0,0,0,,2
2014,newborns,NEO1,Basic care for newborns (from GA 35 0/7 weeks of pregnancy and GG 2000g),2579,1626,2027,328,663,0,867,1036,1378,1726,876,0,121,0,516,0,121,531,0,0,0,0,0,0,50,357,0,0,188,0,0,,879
2014,newborns,NEO1.1,Neonatology (from GA 32 0/7 weeks of pregnancy and GG 1250g),128,17,39,3,3,0,6,4,3,42,9,0,8,0,2,0,1,1,0,0,0,0,0,0,11,0,0,0,0,0,0,,5
2014,newborns,NEO1.1.1,Specialized Neonatology (from GA 28 0/7 weeks of pregnancy and GG 1000g) valid from 01.10.2024,266,142,3,0,0,0,0,0,23,2,3,0,45,0,0,0,0,0,0,0,0,0,0,0,0,0,0,0,0,0,0,,2
2014,(radio) oncology,ONK1,oncology,195,201,148,69,8,0,14,26,7,5,41,25,30,0,2,0,7,59,0,0,0,0,1,0,42,44,0,0,1,0,0,,5
2014,Radio-Oncology,RAO1,radiation oncology,246,162,276,67,0,0,0,0,1,6,5,0,1,0,14,0,1,0,0,0,8,0,0,0,1,0,0,0,0,0,0,,0
2014,Nuclear Medicine,NUK1,nuclear medicine,212,144,66,35,0,0,7,4,0,3,1,0,1,0,0,0,0,0,0,0,0,0,0,0,0,0,0,0,0,0,0,,0
2014,Serious injuries,UNF1,trauma surgery (polytrauma),76,45,12,3,1,0,5,4,8,3,8,8,8,0,5,0,2,0,0,0,0,0,0,0,0,1,0,0,0,0,0,,10
2014,Serious injuries,UNF1.1,Specialized trauma surgery (traumatic brain injury),23,3,0,0,0,0,0,0,0,0,0,0,1,0,0,0,0,0,0,0,0,0,0,0,0,0,0,0,0,0,0,,0
2014,Serious injuries,UNF2,Treatment of Severe Burns in Adults (IVHSM),22,1,2,0,0,0,0,1,0,0,0,2,7,0,1,0,0,0,0,0,0,0,0,0,0,0,0,0,0,0,0,,0
2013,Serious injuries,UNF2,Treatment of Severe Burns in Adults (IVHSM),34,3,2,0,1,0,0,0,0,0,2,0,0,5,0,0,0,0,0,0,0,0,0,0,0,0,0,0,0,0,,,0
