labels_ALL,Service sector,SPLG,SPLG_Description,Universitasspital Zurich,Kantonsspital Winterthur,Stadtspital Triemli,Klinik Hirslanden,See-Spital Standort Horgen,See-Spital Standort Kilchberg,Spital Uster,Spital Limmattal,Spital Bulach,Spital Zollikerberg,GZO AG Spital Wetzikon,Stadtspital Waid,Schulthess Klinik,Kinderspital Zurich,Spital Manedorf,Universitatsklinik Balgrist,Spital Affoltern,Paracelsus-Spital Richterswil,Limmatklinik,Klinik Lengg,Uroviva Klinik fur Urologie,Adus Medica,Klinik Susenberg,Sune-Egge,Klinik Im Park,Privatklinik Bethanien,Klinik Pyramide am See,"Klinik Pyramide 
Schwerzenbach",Klinik Lindberg,Klinik Tiefenbrunnen,Eulachklinik,"Schweizerisches 
Epilepsie-Zentrum",Spitaler Schaffhausen
2021,basic package,BP,Basic Package,9324,11146,8423,3423,3473,369,4567,5379,4539,3515,4730,5467,427,4354,3875,741,1939,,214,14,154,89,171,145,1181,540,400,,422,51,,,
2021,dermatology,DER1,Dermatology (including sexually transmitted diseases),224,48,29,13,6,0,9,17,6,4,6,3,0,65,9,0,2,,0,0,0,0,0,3,2,0,3,,0,0,,,
2021,dermatology,DER1.1,Dermatological Oncology,343,12,1,4,0,0,0,2,0,1,0,0,0,1,0,0,0,,0,0,0,0,0,0,5,1,6,,0,0,,,
2021,dermatology,DER1.2,Severe skin diseases,9,1,1,0,0,0,0,0,0,0,0,0,0,2,0,0,0,,0,0,0,0,0,0,0,0,0,,0,0,,,
2021,dermatology,DER2,wound patients,34,16,12,2,6,0,2,10,2,2,2,4,1,6,4,2,4,,0,0,0,0,0,3,3,0,3,,0,0,,,
2021,"ear, nose and throat",HNO1,"Ear, nose and throat (ENT surgery)",676,159,32,71,20,50,52,55,75,5,86,35,0,228,42,0,13,,241,0,0,10,0,0,6,21,22,,2,0,,,
2021,"ear, nose and throat",HNO1.1,neck and facial surgery,653,168,4,71,14,3,6,25,25,2,6,33,0,146,15,1,1,,148,0,0,5,0,0,6,48,23,,4,0,,,
2021,"ear, nose and throat",HNO1.1.1,Complex neck procedures (interdisciplinary tumor surgery),52,2,0,2,0,0,0,0,0,0,0,0,0,0,0,0,0,,0,0,0,0,0,0,0,1,0,,0,0,,,
2021,"ear, nose and throat",HNO1.2,Advanced nasal surgery with sinuses,454,112,1,254,102,81,139,71,78,22,84,57,0,16,78,0,23,,707,0,0,65,0,0,21,40,104,,26,4,,,
2021,"ear, nose and throat",HNO1.2.1,"Advanced nasal surgery, paranasal sinuses with dura opening (interdisciplinary skull base surgery)",9,0,0,62,0,0,0,0,0,0,0,0,0,1,0,0,0,,0,0,0,0,0,0,0,0,0,,0,0,,,
2021,"ear, nose and throat",HNO1.3,"Middle ear surgery (tympanoplasty, mastoid surgery, osiculoplasty including stapes operations)",412,3,0,1,0,1,0,2,0,10,0,0,0,1,2,0,0,,0,0,0,0,0,0,0,38,1,,0,0,,,
2021,"ear, nose and throat",HNO1.3.1,Advanced ear surgery with inner ear and/or dura opening,2,0,0,7,0,0,0,0,0,0,0,0,0,0,0,0,0,,0,0,0,0,0,0,0,0,0,,0,0,,,
2021,"ear, nose and throat",HNO1.3.2,cochlear implants (IVHSM),68,0,0,0,0,0,0,0,0,0,0,0,0,5,0,0,0,,0,0,0,0,0,0,0,2,0,,0,0,,,
2021,"ear, nose and throat",HNO2,thyroid and parathyroid surgery,203,183,188,281,0,20,26,77,80,57,10,2,0,1,11,0,0,,0,0,0,0,0,0,16,38,34,,3,0,,,
2021,Oral surgery,KIE1,jaw surgery,287,102,3,1,1,0,2,0,1,1,0,0,0,34,0,0,0,,167,0,0,0,0,3,12,2,16,,0,0,,,
2021,neurosurgery,NCH1,Cranial Neurosurgery,764,116,0,301,4,0,0,1,0,1,0,0,2,109,0,0,0,,13,0,0,0,0,0,2,1,1,,0,0,,,
2021,neurosurgery,NCH1.1,Specialized Neurosurgery,84,12,3,30,0,0,0,0,1,0,0,0,0,15,0,0,0,,0,0,0,0,0,0,0,0,0,,0,0,,,
2021,neurosurgery,NCH1.1.1,Treatments of vascular diseases of the CNS without the complex vascular anomalies (IVHSM),200,2,0,99,0,0,0,1,0,0,0,0,0,3,0,0,0,,0,0,0,0,0,0,0,0,0,,0,0,,,
2021,neurosurgery,NCH1.1.1.1,Treatments of complex vascular anomalies of the central nervous system (IVHSM),67,0,0,18,0,0,0,0,0,0,0,0,0,39,0,0,0,,0,0,0,0,0,0,0,0,0,,0,0,,,
2021,neurosurgery,NCH1.1.2,Functional Neurosurgery (IVHSM),88,0,0,0,0,0,0,0,0,0,0,0,0,0,0,0,0,,0,0,0,0,0,0,0,0,0,,0,0,,,
2021,neurosurgery,NCH1.1.3,Surgical Treatment of Refractory Epilepsy (IVHSM),13,0,0,0,0,0,0,0,0,0,0,0,0,2,0,0,0,,0,0,0,0,0,0,0,0,0,,0,0,,,
2021,neurosurgery,NCH2,spinal neurosurgery,5,0,0,5,0,0,0,0,0,0,0,0,10,2,0,0,0,,0,0,0,0,0,0,1,0,0,,0,0,,,
2021,neurosurgery,NCH2.1,Treatment of Rare Spinal Cord Tumors (IVHSM),5,0,0,4,0,0,0,0,0,0,0,0,0,0,0,1,0,,0,0,0,0,0,0,0,0,0,,0,0,,,
2021,neurosurgery,NCH3,Peripheral Neurosurgery,18,6,2,1,0,0,0,0,0,0,0,0,1,0,0,2,0,,1,0,0,0,0,0,1,0,1,,0,0,,,
2021,neurology,NEU1,neurology,183,108,69,79,19,0,56,56,34,20,56,25,0,93,32,0,9,,0,75,0,0,1,1,6,0,0,,1,0,,,
2021,neurology,NEU2,Secondary Malignant Neoplasm of the Nervous System,73,18,19,14,5,0,14,11,9,5,18,12,0,2,9,0,5,,0,0,0,0,0,0,2,3,0,,0,0,,,
2021,neurology,NEU2.1,Primary neoplasm of the CNS (excluding palliative patients),72,17,5,26,0,0,2,3,11,6,8,13,0,105,1,0,8,,0,0,0,0,1,0,0,0,0,,0,0,,,
2021,neurology,NEU3,Cerebrovascular disorders,883,468,440,371,86,0,148,238,120,67,148,141,0,48,68,3,30,,0,0,0,0,7,1,8,2,0,,1,0,,,
2021,neurology,NEU3.1,Complex Treatment of Strokes (IVHSM),139,0,0,47,0,0,0,0,0,0,0,0,0,0,0,0,0,,0,0,0,0,0,0,0,0,0,,0,0,,,
2021,neurology,NEU4,Epileptology: Complex Diagnostics,69,0,0,23,0,0,0,0,0,0,0,0,0,2,0,0,0,,0,309,0,0,0,0,0,0,0,,0,0,,,
2021,neurology,NEU4.1,Epileptology: Complex Treatment,37,0,0,0,0,0,0,0,0,0,0,0,0,0,0,0,0,,0,112,0,0,0,0,0,0,0,,0,0,,,
2021,neurology,NEU4.2,Presurgical Epilepsy Diagnostics (Phase I),64,0,0,0,0,0,0,0,0,0,0,0,0,140,0,0,0,,0,412,0,0,0,0,0,0,0,,0,0,,,
2021,Ophthalmologie,AUG1,Ophthalmologie,162,81,84,1,0,0,0,3,1,0,0,0,0,3,0,0,0,,10,0,0,0,0,0,7,0,10,,0,0,,,
2021,Ophthalmologie,AUG1.1,strabology,38,0,4,0,0,0,0,0,0,0,0,0,0,1,0,0,0,,15,0,0,0,0,0,0,0,0,,0,0,,,
2021,Ophthalmologie,AUG1.2,"orbit, eyelids, tear ducts",55,8,17,2,0,0,0,1,0,1,0,0,0,1,1,0,0,,10,0,0,0,0,0,4,1,24,,3,11,,,
2021,Ophthalmologie,AUG1.3,Specialized anterior segment surgery (including glaucoma),108,171,134,0,0,0,0,0,0,0,0,0,0,1,0,0,0,,64,0,0,0,0,0,58,0,12,,0,0,,,
2021,Ophthalmologie,AUG1.4,cataract,82,302,209,91,0,0,0,0,0,1,0,0,0,0,0,0,0,,9,0,0,0,0,0,52,0,41,,0,0,,,
2021,Ophthalmologie,AUG1.5,vitreous and retinal problems,1052,136,324,1,0,0,0,0,0,0,0,1,0,1,0,0,1,,9,0,0,0,0,0,26,0,1,,0,0,,,
2021,endocrinology,END1,endocrinology,224,187,87,48,46,1,123,52,57,26,131,118,1,125,47,6,31,,0,0,0,0,1,2,7,1,0,,0,0,,,
2021,gastroenterology,GAE1,gastroenterology,797,793,656,543,195,0,403,400,356,230,291,363,0,153,256,0,74,,0,0,0,0,0,3,181,19,0,,3,0,,,
2021,gastroenterology,GAE1.1,Specialized Gastroenterology,220,162,139,116,17,0,28,93,94,45,137,84,0,2,35,0,4,,0,0,0,0,0,1,41,10,0,,0,0,,,
2021,visceral surgery,VIS1,visceral surgery,594,475,367,484,128,3,109,237,182,89,171,106,0,104,140,0,4,,2,0,0,0,0,0,103,81,34,,23,0,,,
2021,visceral surgery,VIS1.1,pancreatectomy in adults (IVHSM),60,41,48,46,0,0,0,0,0,1,0,0,0,0,0,0,0,,0,0,0,0,0,0,7,0,0,,0,0,,,
2021,visceral surgery,VIS1.2,liver resection in adults (IVHSM),55,51,26,39,0,0,0,1,0,0,0,0,0,0,0,0,0,,0,0,0,0,0,0,7,0,0,,0,0,,,
2021,visceral surgery,VIS1.3,esophagectomy in adults (IVHSM),27,24,15,33,0,0,0,0,0,0,0,0,0,7,0,0,0,,0,0,0,0,0,0,1,0,0,,0,0,,,
2021,visceral surgery,VIS1.4,Bariatric surgery,71,1,82,125,1,0,0,221,0,0,104,0,0,0,125,0,0,,0,0,0,0,0,0,0,0,1,,1,0,,,
2021,visceral surgery,VIS1.4.1,Komplexe bariatrische Chirurgie (IVHSM),40,0,2,33,0,0,0,96,1,0,24,0,0,0,0,0,0,,0,0,0,0,0,0,0,0,0,,0,0,,,
2021,visceral surgery,VIS1.5,Deep Rectal Resection in Adults (IVHSM),32,55,21,31,0,0,4,8,0,0,0,0,0,1,0,0,0,,0,0,0,0,0,0,4,2,1,,0,0,,,
2021,hematology,HAE1,Aggressive Lymphome und akute Leuk?ien,374,46,30,14,9,0,18,3,3,3,8,12,0,220,2,0,4,,0,0,0,0,0,0,4,1,1,,0,0,,,
2021,hematology,HAE1.1,Highly aggressive lymphomas and acute leukemias,143,3,0,4,0,0,0,0,0,0,0,0,0,22,0,0,0,,0,0,0,0,0,0,0,0,0,,0,0,,,
2021,hematology,HAE2,Indolent lymphomas and chronic leukemias,731,186,164,185,35,0,83,44,77,34,77,114,0,22,34,3,24,,0,0,0,0,8,1,40,7,3,,1,0,,,
2021,hematology,HAE3,Myelodysplastische Syndrome,74,24,17,20,12,0,24,14,16,7,9,29,0,8,11,1,5,,0,0,0,0,1,0,13,1,0,,0,0,,,
2021,hematology,HAE4,Autologous blood stem cell transplantation,89,0,11,39,0,0,0,0,0,0,0,0,0,13,0,0,0,,0,0,0,0,0,0,0,0,0,,0,0,,,
2021,hematology,HAE5,Allogeneic hematopoietic stem cell transplantation in adults (IVHSM),66,0,0,0,0,0,0,0,0,0,0,0,0,30,0,0,0,,0,0,0,0,0,0,0,0,0,,0,0,,,
2021,vessels,GEF1,vascular surgery peripheral vessels (arterial),108,143,66,92,1,0,0,26,0,0,2,1,1,2,0,9,0,,0,0,0,0,0,0,29,8,1,,0,0,,,
2021,Angiology,ANG1,interventions peripheral vessels (arterial),479,221,109,143,17,0,1,38,21,5,1,59,1,3,7,1,0,,0,0,0,0,0,0,104,42,0,,0,0,,,
2021,vessels,GEFA,Interventions and vascular surgery intra-abdominal vessels,610,309,147,286,1,0,0,9,4,2,0,20,0,30,1,0,0,,0,0,0,0,0,1,63,17,1,,0,0,,,
2021,vessels,GEF3,vascular surgery carotid,88,40,38,79,0,0,0,13,2,0,0,0,0,0,0,0,0,,0,0,0,0,0,0,8,0,0,,0,0,,,
2021,Angiology,ANG3,Interventions carotid and extracranial vessels,91,29,15,44,0,0,0,0,0,0,0,0,0,0,0,0,0,,0,0,0,0,0,0,1,0,0,,0,0,,,
2021,Radiology,RAD1,Interventional Radiology,81,44,37,153,4,0,10,5,5,3,4,13,0,3,0,2,40,,0,0,0,0,0,0,7,1,9,,0,0,,,
2021,Heart,HER1,Simple heart surgery,18,0,21,14,0,0,0,0,0,0,0,1,0,3,0,0,0,,0,0,0,0,0,0,5,1,0,,0,0,,,
2021,Heart,HER1.1,Cardiac surgery and vascular interventions with heart-lung machine,70,1,24,9,0,0,0,0,0,0,1,0,0,58,0,0,0,,0,0,0,0,0,0,5,0,1,,0,0,,,
2021,Heart,HER1.1.1,coronary artery surgery (CABG),252,0,250,253,0,0,0,0,0,0,0,0,0,1,0,0,0,,0,0,0,0,0,0,55,0,0,,0,0,,,
2021,Heart,HER1.1.2,Complex Congenital Cardiac Surgery/Cardiology (including surgery as a child),0,0,0,0,0,0,0,0,0,0,0,0,0,30,0,0,0,,0,0,0,0,0,0,0,0,0,,0,0,,,
2021,Heart,HER1.1.3,Surgery and Interventions on the Thoracic Aorta,70,0,31,20,0,0,0,0,0,0,0,0,0,83,0,0,0,,0,0,0,0,0,0,7,0,0,,0,0,,,
2021,Heart,HER1.1.4,Open surgery on the aortic valve,128,0,161,176,0,0,0,0,0,0,0,0,0,6,0,0,0,,0,0,0,0,0,0,39,0,0,,0,0,,,
2021,Heart,HER1.1.5,Open interventions on the mitral valve,67,0,147,165,0,0,0,0,0,0,0,0,0,11,0,0,0,,0,0,0,0,0,0,33,0,0,,0,0,,,
2021,Cardiology,KAR1,Cardiology and Devices,205,97,249,173,0,0,29,55,22,26,31,58,0,9,7,0,0,,0,0,0,0,0,0,97,5,8,,0,0,,,
2021,Cardiology,KAR1.1,Interventional Cardiology (Coronary Procedures),1663,826,1863,1503,4,0,18,7,2,5,33,8,0,43,7,0,1,,0,0,0,0,0,0,513,118,0,,0,0,,,
2021,Cardiology,KAR1.1.1,Interventional Cardiology (Special Procedures),561,16,274,417,2,0,0,0,0,0,1,1,0,87,3,0,0,,0,0,0,0,0,0,192,1,0,,0,0,,,
2021,Cardiology,KAR1.2,Electrophysiology (Ablation),418,123,355,442,0,0,0,0,0,0,111,0,0,56,1,0,0,,0,0,0,0,0,0,399,8,0,,0,0,,,
2021,Cardiology,KAR1.3,Implantable Cardioverter Defibrillator / CRT,241,43,94,68,0,0,0,0,0,0,17,0,0,2,0,0,0,,0,0,0,0,0,0,32,1,0,,0,0,,,
2021,Nephrologie,NEP1,nephrology (kidney failure),204,97,61,57,17,0,14,23,6,50,31,84,0,5,16,1,0,,0,0,0,0,0,2,26,0,0,,2,0,,,
2021,urology,URO1,Urology without specialization 'Operative Urology',1113,1314,962,959,194,523,664,547,90,276,410,366,0,166,475,64,131,,2,0,995,1,0,1,251,238,23,,87,0,,,
2021,urology,URO1.1,Urology with a focus on 'Operative Urology',193,159,112,158,16,18,67,108,5,109,49,18,0,134,59,1,0,,0,0,139,0,0,0,13,27,5,,21,0,,,
2021,urology,URO1.1.1,Radical prostatectomy,72,92,85,285,0,4,39,39,0,0,0,0,0,0,106,0,0,,0,0,105,0,0,0,2,27,0,,1,0,,,
2021,urology,URO1.1.2,Radical and simple cystectomy (IVHSM),32,25,22,37,1,0,1,0,0,0,0,0,0,0,12,0,0,,0,0,0,0,0,0,2,2,1,,0,0,,,
2021,urology,URO1.1.3,Complex kidney surgery (tumor nephrectomy and partial kidney dissection),36,38,23,37,0,0,15,18,0,0,0,1,0,3,24,0,0,,0,0,0,0,0,0,1,5,0,,0,0,,,
2021,urology,URO1.1.4,Isolated adrenalectomy,25,27,6,19,0,0,2,1,4,0,1,0,0,3,0,0,0,,0,0,0,0,0,0,2,2,0,,0,0,,,
2021,urology,URO1.1.7,Implantation of an artificial bladder sphincter,16,12,0,20,0,0,0,0,0,0,0,0,0,0,0,0,0,,0,0,6,0,0,0,0,2,0,,0,0,,,
2021,urology,URO1.1.8,Percutaneous nephrostomy with disintegration of stone material,22,9,14,6,0,0,1,2,0,0,1,0,0,0,1,0,0,,0,0,19,0,0,0,0,0,0,,0,0,,,
2021,Pneumologie,PNE1,Pneumologie,607,290,299,65,86,0,148,124,181,47,122,155,1,103,90,2,5,,0,0,0,0,3,2,79,4,0,,2,0,,,
2021,Pneumologie,PNE1.1,Pneumology with specific ventilation therapy,25,5,3,0,0,0,0,0,4,0,2,0,0,0,0,0,1,,0,1,0,0,0,0,0,0,0,,0,0,,,
2021,Pneumologie,PNE1.2,Assessment or status after lung transplantation,628,0,0,0,0,0,0,0,0,0,0,0,0,0,0,0,0,,0,0,0,0,0,0,0,0,0,,0,0,,,
2021,Pneumologie,PNE1.3,cystic fibrosis,27,2,0,0,0,0,0,0,0,0,0,0,0,22,0,0,0,,0,0,0,0,0,0,0,0,0,,0,0,,,
2021,Pneumologie,PNE2,Polysomnographie,56,40,0,1,0,0,4,0,8,0,8,0,0,72,0,0,0,,0,8,0,0,0,0,1,0,0,,0,0,,,
2021,Thoraxchirurgie,THO1,Thoraxchirurgie,90,50,31,28,0,0,0,2,3,3,4,1,0,17,5,0,0,,0,0,0,0,0,0,3,9,2,,0,0,,,
2021,Thoraxchirurgie,THO1.1,Malignant neoplasms of the respiratory system (curative resection by lobectomy and pneumonectomy),116,86,69,58,0,0,0,0,0,0,0,0,0,0,0,0,0,,0,0,0,0,0,0,6,14,0,,0,0,,,
2021,Thoraxchirurgie,THO1.2,mediastinal interventions,63,19,17,22,0,0,0,0,0,0,0,0,0,0,0,0,0,,0,0,0,0,0,0,5,4,1,,0,0,,,
2021,transplants,TPL1,heart transplants (IVHSM),10,0,0,0,0,0,0,0,0,0,0,0,0,1,0,0,0,,0,0,0,0,0,0,0,0,0,,0,0,,,
2021,transplants,TPL2,lung transplants (IVHSM),23,0,0,0,0,0,0,0,0,0,0,0,0,0,0,0,0,,0,0,0,0,0,0,0,0,0,,0,0,,,
2021,transplants,TPL3,liver transplants (IVHSM),58,0,0,0,0,0,0,0,0,0,0,0,0,0,0,0,0,,0,0,0,0,0,0,0,0,0,,0,0,,,
2021,transplants,TPL4,Pankreas- und Inseltransplantationen (IVHSM),9,0,0,0,0,0,0,0,0,0,0,0,0,0,0,0,0,,0,0,0,0,0,0,0,0,0,,0,0,,,
2021,transplants,TPL5,Nierentransplantationen (IVHSM),73,0,0,0,0,0,0,0,0,0,0,0,0,0,0,0,0,,0,0,0,0,0,0,0,0,0,,0,0,,,
2021,transplants,TPL6,Darmtransplantation,,,,,,,,,,,,,,,,,,,,,,,,,,,,,,,,,
2021,transplants,TPL7,Milztransplantation,,,,,,,,,,,,,,,,,,,,,,,,,,,,,,,,,
2021,musculoskeletal system surgically,BEW1,surgery musculoskeletal system,620,787,365,464,130,155,299,313,231,176,166,260,1270,202,236,1389,51,,61,0,0,135,1,2,260,152,138,,120,0,,,
2021,musculoskeletal system surgically,BEW2,orthopedics,112,168,77,98,22,66,65,82,47,61,34,121,652,94,73,258,17,,49,0,0,47,1,6,87,48,36,,32,0,,,
2021,musculoskeletal system surgically,BEW3,hand surgery,136,252,84,39,9,1,30,103,60,10,29,29,117,60,38,96,3,,40,0,0,1,0,0,53,35,105,,28,0,,,
2021,musculoskeletal system surgically,BEW4,Arthroscopy of the shoulder and elbow,1,8,3,8,0,10,13,2,1,0,1,2,43,0,2,33,0,,0,0,0,19,0,0,11,5,1,,2,0,,,
2021,musculoskeletal system surgically,BEW5,arthroscopy of the knee,57,209,88,596,22,133,78,86,77,23,31,134,595,9,68,519,18,,7,0,0,109,0,0,88,270,86,,182,0,,,
2021,musculoskeletal system surgically,BEW6,upper extremity reconstruction,25,254,82,241,29,291,291,218,90,128,90,52,1163,3,171,691,34,,12,0,0,178,0,0,61,224,28,,67,0,,,
2021,musculoskeletal system surgically,BEW7,lower extremity reconstruction,4,71,35,44,0,15,30,13,4,1,8,9,125,23,9,173,1,,0,0,0,80,0,0,22,56,13,,11,0,,,
2021,musculoskeletal system surgically,BEW7.1,first hip prosthesis,58,427,136,255,15,226,131,120,182,75,181,100,1198,0,135,406,0,,0,0,0,18,0,0,60,174,16,,92,0,,,
2021,musculoskeletal system surgically,BEW7.1.1,Wechseloperationen H?tprothesen,15,73,12,39,5,11,10,8,16,17,11,5,95,0,10,114,0,,0,0,0,0,0,0,6,32,2,,2,0,,,
2021,musculoskeletal system surgically,BEW7.2,first knee prosthesis,0,298,146,314,9,277,130,159,126,85,164,2,869,1,167,313,3,,0,0,0,41,0,0,66,220,64,,162,0,,,
2021,musculoskeletal system surgically,BEW7.2.1,Wechseloperationen Knieprothesen,0,26,2,31,0,12,7,17,4,4,10,0,86,0,12,102,0,,0,0,0,3,0,0,3,44,22,,12,0,,,
2021,musculoskeletal system surgically,BEW8,spinal surgery,313,434,404,921,105,50,0,0,1,578,0,2,1263,12,66,1050,2,,0,0,0,0,0,0,340,142,4,,93,0,,,
2021,musculoskeletal system surgically,BEW8.1,Specialized spine surgery,38,13,3,66,4,1,0,0,0,79,0,0,68,12,1,104,0,,0,0,0,0,0,0,31,6,1,,3,0,,,
2021,musculoskeletal system surgically,BEW9,tumors of the musculoskeletal system,5,1,0,2,0,0,0,0,0,0,0,0,0,3,0,13,0,,0,0,0,0,0,0,0,0,0,,0,0,,,
2021,musculoskeletal system surgically,BEW10,plexus surgery,6,1,0,0,0,0,0,0,0,0,0,0,3,2,0,14,0,,0,0,0,0,0,0,1,2,60,,1,0,,,
2021,musculoskeletal system surgically,BEW11,Replantationen,3,4,0,0,0,0,0,0,0,0,0,0,0,0,0,0,0,,0,0,0,0,0,0,0,0,0,,0,0,,,
2021,rheumatology,RHE1,rheumatology,225,86,45,18,23,7,27,38,33,18,35,46,10,20,19,55,10,,0,0,0,0,1,1,5,2,2,,2,0,,,
2021,rheumatology,RHE2,Interdisciplinary Rheumatology,180,23,15,0,2,0,3,2,0,5,4,7,0,22,1,0,1,,0,0,0,0,0,0,2,1,0,,0,0,,,
2021,gynecology,GYN1,gynecology,971,425,542,450,319,153,118,400,185,331,300,3,0,35,199,1,1,,6,0,14,2,0,0,194,186,72,,14,0,,,
2021,gynecology,GYNT,Gynecological tumors,97,51,64,68,1,1,1,20,26,27,26,0,0,1,1,0,0,,0,0,0,0,0,0,3,9,1,,0,0,,,
2021,gynecology,GYN2,Recognized certified breast center,168,193,127,400,1,85,0,48,62,108,75,0,0,0,59,0,0,,0,0,0,0,0,0,79,88,118,,7,0,,,
2021,Procedures Related to Transsexuality,PLC1,Interventions related to transsexuality,55,0,0,0,0,0,0,0,0,0,0,0,0,0,0,0,0,,59,0,0,0,0,0,0,0,0,,0,0,,,
2021,obstetrics,GEB1,Basic obstetric care (from 34 weeks of pregnancy and >= 2000g),2976,2078,2674,1130,956,0,967,1202,1528,2622,1030,2,0,0,664,0,2,,0,0,0,0,0,0,543,523,3,,0,0,,,
2021,obstetrics,GEB1.1,Obstetrics (from 32 weeks of pregnancy and >= 1250g),179,44,7,1,0,0,0,2,8,7,2,0,0,0,1,0,0,,0,0,0,0,0,0,1,0,0,,0,0,,,
2021,obstetrics,GEB1.1.1,Specialized Obstetrics,124,2,5,0,0,0,0,1,0,1,2,0,0,0,1,0,0,,0,0,0,0,0,0,0,0,0,,0,0,,,
2021,newborns,NEO1,Basic care for newborns (from GA 35 0/7 weeks of pregnancy and GG 2000g),2054,1550,2163,1077,820,0,863,1020,1280,2130,836,0,0,22,573,0,0,,0,0,0,0,0,0,528,500,0,,0,0,,,
2021,newborns,NEO1.1,Neonatology (from GA 32 0/7 weeks of pregnancy and GG 1250g),460,445,275,6,18,0,5,6,139,362,11,0,0,122,4,0,0,,0,0,0,0,0,0,1,11,0,,0,0,,,
2021,newborns,NEO1.1.1,Specialized Neonatology (from GA 28 0/7 weeks of pregnancy and GG 1000g) valid from 01.10.2024,246,34,7,1,0,0,0,0,3,13,0,0,0,125,0,0,0,,0,0,0,0,0,0,1,1,0,,0,0,,,
2021,newborns,NEO1.1.1.1,Highly specialized neonatology (GA < 28 0/7 weeks of pregnancy and GG < 1000g),88,1,0,0,0,0,0,1,0,0,0,0,0,0,0,0,0,,0,0,0,0,0,0,0,0,0,,0,0,,,
2021,(radio) oncology,ONK1,oncology,247,137,52,29,1,0,15,29,5,5,11,28,0,109,8,0,3,,0,0,0,0,0,0,15,21,0,,0,0,,,
2021,Radio-Oncology,RAO1,radiation oncology,260,184,226,93,0,0,2,2,0,4,1,0,0,16,30,0,0,,0,0,43,0,0,0,0,1,0,,0,0,,,
2021,Nuclear Medicine,NUK1,nuclear medicine,106,87,104,42,0,0,0,0,0,0,0,0,0,0,0,0,0,,0,0,0,0,0,0,0,0,0,,0,0,,,
2021,Serious injuries,UNF1,trauma surgery (polytrauma),130,31,15,2,4,0,4,9,6,2,2,5,1,10,1,3,1,,0,0,0,0,0,0,0,0,0,,2,0,,,
2021,Serious injuries,UNF1.1,Specialized trauma surgery (traumatic brain injury),183,46,19,5,10,0,4,14,12,4,16,21,1,18,4,2,4,,0,0,0,0,0,1,0,1,1,,1,0,,,
2021,Serious injuries,UNF2,Treatment of Severe Burns in Adults (IVHSM),68,3,3,0,0,0,0,1,0,1,0,2,0,22,0,0,0,,0,0,0,0,0,0,0,0,0,,0,0,,,
