labels_ALL,Service sector,SPLG,SPLG_Description,Universitasspital Zurich,Kantonsspital Winterthur,Stadtspital Triemli,Klinik Hirslanden,See-Spital Standort Horgen,See-Spital Standort Kilchberg,Spital Uster,Spital Limmattal,Spital Bulach,Spital Zollikerberg,GZO AG Spital Wetzikon,Stadtspital Waid,Schulthess Klinik,Kinderspital Zurich,Spital Manedorf,Universitatsklinik Balgrist,Spital Affoltern,Paracelsus-Spital Richterswil,Limmatklinik,Klinik Lengg,Uroviva Klinik fur Urologie,Adus Medica,Klinik Susenberg,Sune-Egge,Klinik Im Park,Privatklinik Bethanien,Klinik Pyramide am See,"Klinik Pyramide 
Schwerzenbach",Klinik Lindberg,Klinik Tiefenbrunnen,Eulachklinik,"Schweizerisches 
Epilepsie-Zentrum",Spitaler Schaffhausen
2017,basic package,BP,Basic Package,9768,10684,8834,3538,3812,620,4908,5030,4706,3293,4724,5835,467,4576,3420,638,2143,564,333,13,152,197,182,117,1006,481,777,,363,48,0,,4594
2017,dermatology,DER1,Dermatology (including sexually transmitted diseases),266,42,21,11,4,2,13,42,12,4,14,9,0,69,33,1,3,1,3,0,0,0,0,2,8,0,0,,0,1,1,,8
2017,dermatology,DER1.1,Dermatological Oncology,338,13,8,9,0,0,0,0,2,0,0,1,0,2,1,0,1,0,1,0,0,0,0,0,3,2,0,,0,0,0,,0
2017,dermatology,DER1.2,Severe skin diseases,13,2,0,0,0,0,0,0,0,0,0,0,0,8,0,0,0,0,0,0,0,0,0,0,0,0,0,,0,0,0,,1
2017,dermatology,DER2,wound patients,32,16,10,9,6,3,8,11,5,4,4,10,0,2,6,3,7,2,0,0,0,0,0,4,3,1,0,,1,0,0,,8
2017,"ear, nose and throat",HNO1,"Ear, nose and throat (ENT surgery)",858,132,30,75,84,130,133,133,2,7,93,51,2,286,87,0,25,5,60,0,0,403,0,0,9,32,78,,6,0,0,,68
2017,"ear, nose and throat",HNO1.1,neck and facial surgery,897,79,1,37,14,12,6,39,0,2,20,46,0,161,10,1,1,0,162,0,0,33,0,0,7,49,5,,2,0,1,,16
2017,"ear, nose and throat",HNO1.1.1,Complex neck procedures (interdisciplinary tumor surgery),25,4,0,0,1,1,0,0,0,0,0,0,0,0,0,0,0,0,1,0,0,0,0,0,0,0,0,,0,0,0,,0
2017,"ear, nose and throat",HNO1.2,Advanced nasal surgery with sinuses,536,88,0,291,99,50,137,69,0,24,137,75,0,4,82,0,27,11,211,0,0,401,0,0,28,6,33,,44,0,0,,10
2017,"ear, nose and throat",HNO1.2.1,"Advanced nasal surgery, paranasal sinuses with dura opening (interdisciplinary skull base surgery)",6,0,0,59,0,0,0,0,0,0,0,0,0,0,0,0,0,0,0,0,0,0,0,0,0,0,0,,0,0,0,,0
2017,"ear, nose and throat",HNO1.3,"Middle ear surgery (tympanoplasty, mastoid surgery, osiculoplasty including stapes operations)",365,5,0,3,3,0,1,4,0,0,0,0,0,6,1,0,0,0,0,0,0,0,0,0,0,16,2,,2,0,0,,1
2017,"ear, nose and throat",HNO1.3.1,Advanced ear surgery with inner ear and/or dura opening,9,0,0,2,0,0,0,0,0,0,0,0,0,0,0,0,0,0,0,0,0,0,0,0,0,0,0,,0,0,0,,0
2017,"ear, nose and throat",HNO1.3.2,cochlear implants (IVHSM),65,0,0,0,0,0,0,0,0,0,0,0,0,8,0,0,0,0,0,0,0,0,0,0,0,0,0,,0,0,0,,0
2017,"ear, nose and throat",HNO2,thyroid and parathyroid surgery,194,108,104,109,5,31,29,50,74,68,15,44,0,0,15,0,1,0,0,0,0,8,0,0,11,48,0,,8,0,0,,33
2017,Oral surgery,KIE1,jaw surgery,190,88,4,5,5,0,2,3,0,1,1,3,0,32,0,0,2,0,90,0,0,0,0,0,4,0,34,,0,0,0,,0
2017,neurosurgery,NCH1,Cranial Neurosurgery,641,76,0,268,1,0,2,1,0,1,3,0,14,109,0,0,0,0,9,0,0,0,0,0,10,3,0,,1,0,0,,0
2017,neurosurgery,NCH1.1,Specialized Neurosurgery,51,1,0,54,0,0,0,0,0,0,0,0,0,1,0,0,0,0,0,0,0,0,0,0,1,0,0,,0,0,0,,0
2017,neurosurgery,NCH1.1.1,Treatments of vascular diseases of the CNS without the complex vascular anomalies (IVHSM),180,2,2,67,0,0,0,1,1,0,0,0,0,0,0,0,0,0,0,0,0,0,0,0,0,0,0,,0,0,0,,0
2017,neurosurgery,NCH1.1.1.1,Treatments of complex vascular anomalies of the central nervous system (IVHSM),46,0,0,14,0,0,0,0,0,0,0,0,0,29,0,0,0,0,0,0,0,0,0,0,0,0,0,,0,0,0,,0
2017,neurosurgery,NCH1.1.2,Functional Neurosurgery (IVHSM),35,0,0,0,0,0,0,0,0,0,0,0,0,0,0,0,0,0,0,0,0,0,0,0,0,0,0,,0,0,0,,0
2017,neurosurgery,NCH1.1.3,Surgical Treatment of Refractory Epilepsy (IVHSM),20,0,0,0,0,0,0,0,0,0,0,0,0,1,0,0,0,0,0,0,0,0,0,0,1,0,0,,0,0,0,,0
2017,neurosurgery,NCH2,spinal neurosurgery,0,0,0,6,1,1,0,0,1,0,0,0,0,3,0,0,0,0,0,0,0,0,0,0,0,0,0,,0,0,0,,0
2017,neurosurgery,NCH2.1,Treatment of Rare Spinal Cord Tumors (IVHSM),3,0,0,2,0,0,0,0,0,0,0,0,1,0,0,0,0,0,0,0,0,0,0,0,0,0,0,,0,0,0,,0
2017,neurosurgery,NCH3,Peripheral Neurosurgery,13,20,0,5,2,1,0,0,0,0,2,0,1,0,0,1,0,0,0,0,0,0,0,0,0,3,0,,0,0,0,,0
2017,neurology,NEU1,neurology,249,104,86,40,27,0,65,46,38,18,58,38,0,118,33,2,15,1,0,63,0,0,2,2,1,1,2,,0,0,0,,78
2017,neurology,NEU2,Secondary Malignant Neoplasm of the Nervous System,62,24,26,16,3,0,14,15,7,2,12,14,0,2,8,1,3,3,0,0,0,0,2,0,1,1,0,,0,0,0,,16
2017,neurology,NEU2.1,Primary neoplasm of the CNS (excluding palliative patients),80,19,10,16,2,0,1,1,7,3,4,2,0,63,5,0,10,0,0,2,0,0,6,0,3,0,0,,0,0,0,,7
2017,neurology,NEU3,Cerebrovascular disorders,767,410,299,248,84,0,138,152,128,59,145,147,0,54,149,0,34,3,0,0,0,0,5,0,7,1,0,,2,0,0,,146
2017,neurology,NEU3.1,Complex Treatment of Strokes (IVHSM),115,0,0,20,0,0,0,0,0,0,0,0,0,0,0,0,0,0,0,0,0,0,0,0,0,0,0,,0,0,0,,0
2017,neurology,NEU4,Epileptology: Complex Diagnostics,7,0,0,26,0,0,0,0,0,0,0,0,0,77,0,0,0,0,0,364,0,0,0,0,0,0,0,,0,0,0,,1
2017,neurology,NEU4.1,Epileptology: Complex Treatment,18,0,0,0,0,0,0,0,0,0,0,0,0,1,0,0,0,0,0,85,0,0,0,0,0,0,0,,0,0,0,,0
2017,neurology,NEU4.2,Presurgical Epilepsy Diagnostics (Phase I),51,0,0,5,0,0,0,0,0,0,0,0,0,0,0,0,0,0,0,343,0,0,0,0,0,0,0,,0,0,0,,0
2017,Ophthalmologie,AUG1,Ophthalmologie,171,77,17,2,0,0,2,0,1,0,0,0,0,4,0,0,0,0,8,0,0,0,0,0,27,3,2,,0,0,0,,2
2017,Ophthalmologie,AUG1.1,strabology,126,0,0,0,0,0,0,0,0,0,0,0,0,1,0,0,0,0,7,0,0,2,0,0,0,0,0,,0,0,0,,0
2017,Ophthalmologie,AUG1.2,"orbit, eyelids, tear ducts",51,5,1,2,0,0,0,0,0,0,0,0,0,2,0,0,0,0,6,0,0,0,0,0,2,2,13,,1,11,0,,3
2017,Ophthalmologie,AUG1.3,Specialized anterior segment surgery (including glaucoma),184,108,70,0,0,0,0,0,0,0,0,0,0,0,0,0,0,0,32,0,0,0,0,0,67,0,0,,0,0,0,,0
2017,Ophthalmologie,AUG1.4,cataract,93,470,122,126,0,0,0,1,0,37,1,0,0,1,0,0,0,0,19,0,0,2,0,0,59,0,131,,0,0,0,,0
2017,Ophthalmologie,AUG1.5,vitreous and retinal problems,763,75,402,1,0,0,0,0,0,0,0,0,0,0,0,0,0,0,57,0,0,0,0,0,29,0,0,,0,0,0,,1
2017,endocrinology,END1,endocrinology,136,55,68,33,24,0,42,37,59,42,31,43,0,65,31,4,16,3,0,0,1,0,2,0,3,1,3,,1,0,0,,49
2017,gastroenterology,GAE1,gastroenterology,772,639,711,431,201,0,504,394,317,232,314,417,0,99,311,0,122,43,0,0,0,0,0,0,127,14,1,,3,0,0,,299
2017,gastroenterology,GAE1.1,Specialized Gastroenterology,174,155,133,111,22,0,36,76,83,66,92,79,0,2,42,0,11,2,0,0,0,0,0,0,38,17,0,,1,0,0,,52
2017,visceral surgery,VIS1,visceral surgery,576,303,277,363,31,2,42,117,85,35,110,80,0,81,110,0,8,2,1,0,1,4,0,0,83,21,5,,17,0,0,,123
2017,visceral surgery,VIS1.1,pancreatectomy in adults (IVHSM),48,29,43,42,0,0,0,0,2,0,0,0,0,0,0,0,0,0,0,0,0,0,0,0,8,1,0,,0,0,0,,1
2017,visceral surgery,VIS1.2,liver resection in adults (IVHSM),57,43,27,37,0,0,0,0,0,0,0,0,0,0,0,0,0,0,0,0,0,0,0,0,16,1,0,,0,0,0,,0
2017,visceral surgery,VIS1.3,esophagectomy in adults (IVHSM),24,17,17,27,0,0,0,0,0,0,0,0,0,8,0,0,0,0,0,0,0,0,0,0,1,0,0,,1,0,0,,0
2017,visceral surgery,VIS1.4,Bariatric surgery,115,2,46,70,0,0,0,175,1,0,129,15,0,0,96,0,0,0,0,0,0,0,0,0,0,0,2,,2,0,0,,37
2017,visceral surgery,VIS1.4.1,Komplexe bariatrische Chirurgie (IVHSM),39,0,4,121,2,0,0,118,0,0,20,1,0,0,0,0,0,0,0,0,0,0,0,0,0,0,2,,2,0,0,,2
2017,visceral surgery,VIS1.5,Deep Rectal Resection in Adults (IVHSM),20,31,32,28,0,0,5,12,9,0,0,8,0,0,10,0,0,0,0,0,0,0,0,0,3,1,0,,1,0,0,,8
2017,hematology,HAE1,Aggressive Lymphome und akute Leuk?ien,303,23,23,19,5,0,8,13,7,9,16,8,0,230,2,0,6,0,0,0,0,0,1,0,6,0,0,,0,0,0,,8
2017,hematology,HAE1.1,Highly aggressive lymphomas and acute leukemias,149,0,0,8,0,0,0,0,0,0,0,0,0,32,0,0,0,0,0,0,0,0,0,0,0,0,0,,0,0,0,,0
2017,hematology,HAE2,Indolent lymphomas and chronic leukemias,483,176,146,202,20,0,63,42,41,25,42,89,0,21,56,2,22,38,0,0,0,0,5,0,32,5,0,,1,0,0,,49
2017,hematology,HAE3,Myelodysplastische Syndrome,61,26,23,20,9,0,20,7,10,10,8,24,0,0,13,2,8,0,0,0,0,0,0,0,5,4,0,,1,0,0,,15
2017,hematology,HAE4,Autologous blood stem cell transplantation,46,0,12,25,0,0,0,0,0,0,0,0,0,6,0,0,0,0,0,0,0,0,0,0,0,0,0,,0,0,0,,0
2017,hematology,HAE5,Allogeneic hematopoietic stem cell transplantation in adults (IVHSM),45,0,0,0,0,0,0,0,0,0,0,0,0,29,0,0,0,0,0,0,0,0,0,0,0,0,0,,0,0,0,,0
2017,vessels,GEF1,vascular surgery peripheral vessels (arterial),130,157,60,87,5,0,0,40,1,0,0,10,2,4,2,6,0,0,0,0,0,0,0,0,57,4,0,,0,0,0,,16
2017,Angiology,ANG1,interventions peripheral vessels (arterial),397,254,110,153,52,0,1,37,31,2,2,74,0,5,35,3,2,0,0,0,0,0,0,0,102,29,0,,0,0,0,,29
2017,vessels,GEF2,Vascular Surgery of Intra-abdominal Vessels,61,54,71,57,3,0,6,2,2,0,3,1,0,4,0,0,0,1,0,0,0,0,0,0,17,0,0,,0,0,0,,2
2017,Angiology,ANG2,Intra-abdominal Vascular Intervention,263,166,64,174,1,0,1,3,2,1,1,18,0,17,0,0,0,0,0,0,0,0,0,0,38,2,0,,0,0,0,,0
2017,vessels,GEF3,vascular surgery carotid,83,32,37,75,0,0,0,11,0,2,0,0,0,2,0,1,1,0,0,0,0,0,0,0,14,0,1,,0,0,0,,9
2017,Angiology,ANG3,Interventions carotid and extracranial vessels,79,23,13,14,0,0,0,0,0,0,0,0,0,0,0,0,0,0,0,0,0,0,0,0,3,0,0,,0,0,0,,1
2017,Radiology,RAD1,Interventional Radiology,110,25,14,77,4,0,3,3,4,0,7,11,0,4,9,0,0,0,0,0,0,0,0,0,9,1,0,,0,0,0,,4
2017,Heart,HER1,Simple heart surgery,35,1,9,16,0,0,0,0,1,0,0,0,0,1,0,0,0,0,0,0,0,0,0,0,2,0,0,,0,0,0,,1
2017,Heart,HER1.1,Cardiac surgery and vascular interventions with heart-lung machine,92,1,10,9,0,0,0,0,1,0,0,0,0,79,0,0,0,0,0,0,0,0,0,0,9,0,0,,0,0,0,,0
2017,Heart,HER1.1.1,coronary artery surgery (CABG),383,0,229,291,0,0,0,0,0,0,0,0,0,0,0,0,0,0,0,0,0,0,0,0,34,0,0,,0,0,0,,0
2017,Heart,HER1.1.2,Complex Congenital Cardiac Surgery/Cardiology (including surgery as a child),0,0,0,0,0,0,0,0,0,0,0,0,0,54,0,0,0,0,0,0,0,0,0,0,0,0,0,,0,0,0,,0
2017,Heart,HER1.1.3,Surgery and Interventions on the Thoracic Aorta,124,0,30,13,0,0,0,0,0,0,0,0,0,80,0,0,0,0,0,0,0,0,0,0,9,0,0,,0,0,0,,0
2017,Heart,HER1.1.4,Open surgery on the aortic valve,216,0,143,198,0,0,0,0,0,0,0,0,0,14,0,0,0,0,0,0,0,0,0,0,33,0,0,,0,0,0,,0
2017,Heart,HER1.1.5,Open interventions on the mitral valve,160,0,76,122,0,0,0,0,0,0,0,0,0,16,0,0,0,0,0,0,0,0,0,0,29,0,0,,0,0,0,,0
2017,Cardiology,KAR1,Cardiology and Devices,150,102,188,162,23,0,38,45,17,26,37,70,0,14,13,0,0,2,0,0,0,0,0,0,96,0,0,,0,0,0,,19
2017,Cardiology,KAR1.1,Interventional Cardiology (Coronary Procedures),1971,701,1906,1655,12,0,75,14,11,9,102,12,1,45,18,2,0,0,0,0,0,0,0,0,636,0,0,,0,0,0,,5
2017,Cardiology,KAR1.1.1,Interventional Cardiology (Special Procedures),890,93,296,457,0,0,0,1,1,0,82,1,0,89,0,0,0,0,0,0,0,0,0,0,399,0,0,,0,0,0,,0
2017,Cardiology,KAR1.2,Electrophysiology (Ablation),172,37,92,49,0,0,0,0,0,0,43,0,0,43,0,0,0,0,0,0,0,0,0,0,210,0,0,,0,0,0,,0
2017,Cardiology,KAR1.3,Implantable Cardioverter Defibrillator / CRT,179,35,93,50,0,0,0,0,1,0,33,4,0,1,0,0,0,0,0,0,0,0,0,0,47,0,0,,0,0,0,,0
2017,Nephrologie,NEP1,nephrology (kidney failure),337,103,84,22,18,0,41,41,20,78,58,114,0,5,17,1,1,0,0,0,0,0,0,0,44,0,0,,0,0,0,,59
2017,urology,URO1,Urology without specialization 'Operative Urology',1411,1182,1038,872,180,513,740,668,116,344,400,274,0,214,440,37,76,161,5,0,787,11,0,0,231,279,12,,75,0,0,,240
2017,urology,URO1.1,Urology with a focus on 'Operative Urology',214,103,89,73,14,22,40,64,7,54,39,37,0,77,21,1,1,10,0,0,103,1,0,0,7,17,13,,2,0,0,,53
2017,urology,URO1.1.1,Radical prostatectomy,102,109,42,267,0,20,43,42,0,0,0,0,0,0,55,0,0,0,0,0,80,0,0,0,8,4,0,,0,0,0,,20
2017,urology,URO1.1.2,Radical and simple cystectomy (IVHSM),42,26,14,24,0,0,0,1,0,0,0,0,0,0,12,0,0,0,0,0,0,0,0,0,6,0,1,,0,0,0,,4
2017,urology,URO1.1.3,Complex kidney surgery (tumor nephrectomy and partial kidney dissection),76,59,59,56,0,0,16,23,0,0,0,0,0,9,46,0,0,0,0,0,5,0,0,0,5,0,0,,1,0,0,,10
2017,urology,URO1.1.4,Isolated adrenalectomy,13,7,5,9,0,0,2,5,2,0,1,2,0,3,1,0,0,0,0,0,0,0,0,0,1,0,0,,0,0,0,,1
2017,urology,URO1.1.5,Plastic Reconstruction of the Pyeloureteral Junction,13,9,12,5,0,0,3,2,0,0,0,0,0,39,7,0,0,0,0,0,7,0,0,0,0,0,0,,0,0,0,,3
2017,urology,URO1.1.6,Plastic Reconstruction of the Urethra,19,12,0,38,1,0,2,0,0,2,1,0,0,56,4,0,0,0,0,0,1,0,0,0,0,0,0,,0,0,0,,0
2017,urology,URO1.1.7,Implantation of an artificial bladder sphincter,28,10,0,4,0,0,4,0,0,0,0,0,0,3,15,0,0,0,0,0,5,0,0,0,0,0,0,,0,0,0,,0
2017,urology,URO1.1.8,Percutaneous nephrostomy with disintegration of stone material,8,11,22,2,0,0,4,2,0,4,1,0,0,0,0,0,0,0,0,0,17,0,0,0,0,0,0,,0,0,0,,0
2017,Pneumologie,PNE1,Pneumologie,783,350,396,172,156,0,279,182,195,108,140,272,0,107,120,2,24,2,0,0,0,0,5,1,72,7,0,,3,0,0,,194
2017,Pneumologie,PNE1.1,Pneumology with specific ventilation therapy,67,2,16,4,8,0,8,0,2,1,9,2,0,17,4,1,0,0,0,0,0,0,0,0,0,0,0,,0,0,0,,5
2017,Pneumologie,PNE1.2,Assessment or status after lung transplantation,656,1,0,0,0,0,0,0,0,0,0,0,0,0,0,0,0,0,0,0,0,0,0,0,0,0,0,,0,0,0,,0
2017,Pneumologie,PNE1.3,cystic fibrosis,65,12,0,1,0,0,2,0,0,0,0,0,0,27,0,0,0,0,0,0,0,0,0,0,0,0,0,,0,0,0,,0
2017,Pneumologie,PNE2,Polysomnographie,55,14,2,0,0,0,2,0,1,2,13,7,0,50,0,0,0,0,0,8,0,0,0,0,1,0,0,,0,0,0,,3
2017,Thoraxchirurgie,THO1,Thoraxchirurgie,49,8,9,13,0,0,0,0,0,0,2,1,0,9,2,0,0,0,0,0,0,0,0,0,8,0,0,,0,0,0,,0
2017,Thoraxchirurgie,THO1.1,Malignant neoplasms of the respiratory system (curative resection by lobectomy and pneumonectomy),146,76,60,74,0,0,0,0,0,0,0,0,0,0,0,0,0,0,0,0,0,0,0,0,1,0,0,,0,0,0,,0
2017,Thoraxchirurgie,THO1.2,mediastinal interventions,64,14,15,27,0,0,0,0,0,0,0,0,0,3,1,0,0,0,0,0,0,0,0,0,4,0,0,,0,0,0,,1
2017,transplants,TPL1,heart transplants (IVHSM),10,0,0,0,0,0,0,0,0,0,0,0,0,2,0,0,0,0,0,0,0,0,0,0,0,0,0,,0,0,0,,0
2017,transplants,TPL2,lung transplants (IVHSM),10,0,0,0,0,0,0,0,0,0,0,0,0,0,0,0,0,0,0,0,0,0,0,0,0,0,0,,0,0,0,,0
2017,transplants,TPL3,liver transplants (IVHSM),38,0,0,0,0,0,0,0,0,0,0,0,0,0,0,0,0,0,0,0,0,0,0,0,0,0,0,,0,0,0,,0
2017,transplants,TPL4,Pankreas- und Inseltransplantationen (IVHSM),6,0,0,0,0,0,0,0,0,0,0,0,0,0,0,0,0,0,0,0,0,0,0,0,0,0,0,,0,0,0,,0
2017,transplants,TPL5,Nierentransplantationen (IVHSM),68,0,0,1,0,0,0,0,0,0,0,0,0,5,0,0,0,0,0,0,0,0,0,0,0,0,0,,0,0,0,,0
2017,transplants,TPL6,Darmtransplantation,,,,,,,,,,,,,,,,,,,,,,,,,,,,,,,,,
2017,transplants,TPL7,Milztransplantation,,,,,,,,,,,,,,,,,,,,,,,,,,,,,,,,,
2017,musculoskeletal system surgically,BEW1,surgery musculoskeletal system,666,746,305,729,132,238,230,260,207,162,151,254,1518,179,150,1232,57,29,81,0,2,26,1,0,410,133,109,,126,0,0,,181
2017,musculoskeletal system surgically,BEW2,orthopedics,137,196,75,236,28,168,60,87,54,119,56,66,612,47,53,239,24,10,59,0,0,33,2,4,134,57,106,,34,0,0,,47
2017,musculoskeletal system surgically,BEW3,hand surgery,174,227,67,83,24,7,84,112,92,11,19,27,144,57,46,90,7,6,6,0,0,0,0,0,99,54,58,,11,0,0,,64
2017,musculoskeletal system surgically,BEW4,Arthroscopy of the shoulder and elbow,0,17,14,31,0,8,6,5,9,19,3,9,212,1,15,21,3,7,0,0,0,0,0,0,14,28,1,,5,0,0,,1
2017,musculoskeletal system surgically,BEW5,arthroscopy of the knee,93,190,102,1029,97,492,206,196,135,111,73,82,706,28,86,396,128,89,3,0,0,89,0,0,186,352,36,,206,0,0,,60
2017,musculoskeletal system surgically,BEW6,upper extremity reconstruction,14,308,60,338,46,333,146,131,65,107,69,122,1213,0,122,555,47,22,0,0,0,0,0,0,196,120,65,,76,0,0,,62
2017,musculoskeletal system surgically,BEW7,lower extremity reconstruction,28,951,119,784,80,639,169,242,380,202,379,92,2220,6,194,732,100,80,0,0,0,0,0,0,220,431,71,,149,0,0,,178
2017,musculoskeletal system surgically,BEW8,spinal surgery,421,462,328,903,81,59,1,1,1,562,3,1,1256,22,45,727,8,0,0,0,0,0,0,0,430,90,21,,102,0,0,,5
2017,musculoskeletal system surgically,BEW8.1,Specialized spine surgery,30,16,7,24,5,11,0,0,0,64,0,0,50,12,0,60,0,0,0,0,0,0,0,0,43,7,9,,10,0,0,,0
2017,musculoskeletal system surgically,BEW9,tumors of the musculoskeletal system,10,4,0,0,0,0,0,0,0,0,0,0,1,2,0,16,0,0,0,0,0,0,0,0,0,0,0,,0,0,0,,0
2017,musculoskeletal system surgically,BEW10,plexus surgery,13,0,1,14,0,0,0,0,0,0,0,0,14,1,0,13,0,0,0,0,0,0,0,0,4,2,4,,28,0,0,,1
2017,musculoskeletal system surgically,BEW11,Replantationen,11,3,0,0,0,0,0,0,0,0,0,0,0,1,0,0,0,0,0,0,0,0,0,0,0,0,0,,0,0,0,,0
2017,rheumatology,RHE1,rheumatology,280,119,170,50,35,15,63,54,43,31,36,52,52,46,37,111,23,8,0,0,0,1,1,2,18,10,59,,12,0,0,,58
2017,rheumatology,RHE2,Interdisciplinary Rheumatology,89,15,11,1,2,0,1,1,1,3,1,1,0,6,5,0,1,0,0,0,0,0,0,0,2,0,0,,0,0,0,,5
2017,gynecology,GYN1,gynecology,1882,590,476,601,512,154,306,343,147,271,395,2,0,25,250,0,52,96,16,0,22,7,0,0,358,265,75,,45,0,0,,263
2017,gynecology,GYN1.1,Malignant neoplasms of the vulva and vagina,18,0,5,3,0,1,2,3,0,0,1,0,0,0,0,0,0,0,0,0,0,0,0,0,0,1,0,,0,0,0,,0
2017,gynecology,GYN1.2,Malignant neoplasms of the cervix,15,3,2,3,0,0,1,4,0,4,6,0,0,0,0,0,0,0,0,0,0,0,0,0,0,0,2,,0,0,0,,0
2017,gynecology,GYN1.3,Malignant neoplasms of the corpus uteri,21,18,14,12,2,1,5,5,16,14,10,0,0,0,6,0,0,2,0,0,0,0,0,0,3,7,4,,1,0,0,,20
2017,gynecology,GYN1.4,Malignant neoplasms of the ovary,46,21,28,21,7,0,4,21,10,10,9,1,0,2,8,0,0,2,0,0,0,0,0,0,8,4,2,,2,0,0,,8
2017,gynecology,GYN2,Recognized certified breast center,247,232,95,226,39,39,35,61,69,56,82,1,0,0,62,0,13,57,229,0,0,0,0,0,67,111,227,,18,4,0,,81
2017,Procedures Related to Transsexuality,PLC1,Interventions related to transsexuality,25,0,0,0,0,0,0,0,0,0,0,0,0,0,0,0,0,0,1,0,0,0,0,0,0,0,0,,0,0,0,,0
2017,obstetrics,GEBH,birthing centers (from 37 weeks of pregnancy),,,,,,,,,,,,,,,,,,,,,,,,,,,,,,,,,
2017,obstetrics,GEB1,Basic obstetric care (from 34 weeks of pregnancy and >= 2000g),3211,2134,2454,960,816,1,1036,1111,1579,2204,1051,8,0,0,638,0,312,742,0,0,0,0,0,0,532,508,0,,0,0,0,,1095
2017,obstetrics,GEB1.1,Obstetrics (from 32 weeks of pregnancy and >= 1250g),177,35,14,0,2,0,4,0,11,6,5,0,0,0,0,0,0,0,0,0,0,0,0,0,0,1,0,,0,0,0,,8
2017,obstetrics,GEB1.1.1,Specialized Obstetrics,132,12,0,1,1,0,1,0,1,1,2,0,0,0,1,0,0,0,0,0,0,0,0,0,2,0,0,,0,0,0,,0
2017,newborns,NEOG,Basic care for newborns in the birthing center (from 37 weeks of pregnancy and GG 2000g),,,,,,,,,,,,,,,,,,,,,,,,,,,,,,,,,
2017,newborns,NEO1,Basic care for newborns (from GA 35 0/7 weeks of pregnancy and GG 2000g),2486,1749,2156,906,638,0,872,926,1380,2030,843,0,0,37,525,0,280,600,0,0,0,0,0,0,513,448,0,,0,0,0,,868
2017,newborns,NEO1.1,Neonatology (from GA 32 0/7 weeks of pregnancy and GG 1250g),167,30,131,5,4,0,6,8,20,62,13,0,0,165,5,0,4,7,0,0,0,0,0,0,2,20,0,,0,0,0,,19
2017,newborns,NEO1.1.1,Specialized Neonatology (from GA 28 0/7 weeks of pregnancy and GG 1000g) valid from 01.10.2024,268,211,23,0,4,0,1,1,73,52,15,0,0,235,0,0,1,1,0,0,0,0,0,0,1,17,0,,0,0,0,,3
2017,newborns,NEO1.1.1.1,Highly specialized neonatology (GA < 28 0/7 weeks of pregnancy and GG < 1000g),86,13,2,0,0,0,1,0,0,0,0,0,0,8,0,0,0,0,0,0,0,0,0,0,0,0,0,,0,0,0,,0
2017,(radio) oncology,ONK1,oncology,202,221,156,47,1,0,18,63,7,7,41,21,0,98,13,0,1,34,0,0,0,0,0,0,30,25,0,,1,0,0,,10
2017,Radio-Oncology,RAO1,radiation oncology,247,223,263,77,0,0,5,2,0,5,2,0,0,5,31,0,0,0,0,0,18,0,0,0,0,0,0,,0,0,0,,0
2017,Nuclear Medicine,NUK1,nuclear medicine,174,141,114,61,0,0,18,2,1,2,0,0,0,0,0,0,1,0,0,0,0,0,0,0,3,0,0,,0,0,0,,0
2017,Serious injuries,UNF1,trauma surgery (polytrauma),135,32,29,2,3,0,2,9,3,3,2,7,0,13,1,1,1,0,0,0,0,0,0,0,1,0,0,,0,0,0,,8
2017,Serious injuries,UNF1.1,Specialized trauma surgery (traumatic brain injury),137,28,29,5,6,0,14,5,13,7,4,11,2,37,8,3,3,0,0,0,0,0,0,0,1,0,0,,0,0,0,,10
2017,Serious injuries,UNF2,Treatment of Severe Burns in Adults (IVHSM),46,3,1,0,0,0,0,0,0,0,1,0,0,16,0,0,0,0,0,0,0,0,0,0,0,0,0,,0,0,0,,1
