labels_ALL,Service sector,SPLG,SPLG_Description,Universitasspital Zurich,Kantonsspital Winterthur,Stadtspital Triemli,Klinik Hirslanden,See-Spital Standort Horgen,See-Spital Standort Kilchberg,Spital Uster,Spital Limmattal,Spital Bulach,Spital Zollikerberg,GZO AG Spital Wetzikon,Stadtspital Waid,Schulthess Klinik,Kinderspital Zurich,Spital Manedorf,Universitatsklinik Balgrist,Spital Affoltern,Paracelsus-Spital Richterswil,Limmatklinik,Klinik Lengg,Uroviva Klinik fur Urologie,Adus Medica,Klinik Susenberg,Sune-Egge,Klinik Im Park,Privatklinik Bethanien,Klinik Pyramide am See,"Klinik Pyramide 
Schwerzenbach",Klinik Lindberg,Klinik Tiefenbrunnen,Eulachklinik,"Schweizerisches 
Epilepsie-Zentrum",Spitaler Schaffhausen
2012,basic package,BP,Basic Package,7 856,9 305,7 564,3 265,3 536,0,5 068,4 480,4 743,3 130,4 701,5 623,0,3 374,3 588,0,1 808,618,0,,0,0,0,0,0,0,0,0,0,0,,0,4 426
2012,Basic package for elective service providers,BPE,basic package,0,0,0,0,0,1 264,0,0,0,0,0,0,336,0,0,458,0,0,61,,82,189,159,71,1 102,669,806,325,302,71,,47,0
2012,dermatology,DER1,Dermatology (including sexually transmitted diseases),240,52,12,13,9,5,6,7,4,3,13,4,0,47,9,1,4,2,1,,0,0,0,0,2,1,1,0,0,0,,0,16
2012,dermatology,DER1.1,Dermatological Oncology,492,48,8,20,0,0,6,8,3,0,4,1,0,1,9,0,1,0,0,,0,0,0,0,7,11,1,0,1,3,,0,9
2012,dermatology,DER1.2,Severe skin diseases,6,2,6,0,0,0,0,0,2,0,1,1,0,5,0,0,0,0,0,,0,0,0,0,0,0,0,0,0,1,,0,2
2012,dermatology,DER2,wound patients,232,92,79,38,36,8,41,39,53,16,34,44,2,28,26,12,13,8,0,,0,0,1,1,14,1,0,0,5,0,,0,11
2012,"ear, nose and throat",HNO1,"Ear, nose and throat (ENT surgery)",537,95,35,838,75,45,125,485,8,11,220,44,1,297,105,0,6,6,16,,0,138,0,0,465,33,28,25,6,0,,0,172
2012,"ear, nose and throat",HNO1.1,neck and facial surgery,595,66,3,35,11,5,7,16,1,4,5,5,0,133,8,0,3,2,10,,0,8,0,0,25,91,4,1,8,1,,0,15
2012,"ear, nose and throat",HNO1.1.1,Complex neck procedures (interdisciplinary tumor surgery),33,2,0,4,0,0,0,0,0,0,0,0,0,0,0,0,0,0,1,,0,0,0,0,0,10,0,0,0,0,,0,0
2012,"ear, nose and throat",HNO1.2,Advanced nasal surgery with sinuses,463,53,0,370,79,117,138,33,1,25,120,96,0,5,61,0,2,4,41,,0,58,0,0,54,23,13,2,17,4,,0,11
2012,"ear, nose and throat",HNO1.2.1,"Advanced nasal surgery, paranasal sinuses with dura opening (interdisciplinary skull base surgery)",64,0,0,25,0,0,0,0,0,0,0,0,0,1,0,0,0,0,0,,0,0,0,0,3,0,0,0,0,0,,0,0
2012,"ear, nose and throat",HNO1.3,"Middle ear surgery (tympanoplasty, mastoid surgery, osiculoplasty including stapes operations)",298,4,0,6,1,3,1,7,0,4,0,0,0,7,3,0,0,0,0,,0,0,0,0,0,16,4,0,3,0,,0,0
2012,"ear, nose and throat",HNO1.3.1,Advanced ear surgery with inner ear and/or dura opening,14,0,0,2,0,0,0,0,0,0,0,0,0,0,0,0,0,0,0,,0,0,0,0,0,0,0,0,0,0,,0,0
2012,"ear, nose and throat",HNO1.3.2,cochlear implants (IVHSM),51,0,0,0,0,0,0,0,0,0,0,0,0,6,0,0,0,0,0,,0,0,0,0,0,0,0,0,0,0,,0,0
2012,"ear, nose and throat",HNO2,thyroid and parathyroid surgery,184,76,100,59,7,26,19,17,6,90,24,61,0,0,28,0,5,14,0,,0,4,0,0,9,62,1,0,1,0,,0,29
2012,Oral surgery,KIE1,jaw surgery,230,75,1,3,3,0,1,2,0,2,1,3,0,32,0,0,1,0,19,,0,1,0,0,61,12,91,0,21,0,,0,1
2012,neurosurgery,NCH1,Cranial Neurosurgery,379,75,17,153,0,3,1,4,1,0,2,2,5,81,0,12,1,1,6,,0,0,0,0,34,8,1,1,6,0,,0,14
2012,neurosurgery,NCH1.1,Specialized Neurosurgery,65,0,1,11,0,0,0,0,0,0,0,0,0,2,0,0,0,0,0,,0,0,0,0,2,0,0,0,0,0,,0,0
2012,neurology,NEU1,neurology,236,103,59,18,38,0,52,41,62,39,37,45,0,49,31,1,24,1,0,,0,0,0,0,1,0,0,0,3,0,,143,49
2012,neurology,NEU2,Secondary Malignant Neoplasm of the Nervous System,107,18,27,21,4,0,18,10,13,3,14,10,0,1,10,0,4,2,0,,0,0,0,0,9,1,0,0,1,0,,0,18
2012,neurology,NEU2.1,Primary neoplasm of the CNS (excluding palliative patients),129,17,6,24,4,0,11,3,7,2,3,1,0,45,10,0,11,2,0,,0,0,4,0,2,0,0,0,0,0,,1,2
2012,neurology,NEU3,Cerebrovascular disorders,690,265,273,122,86,0,103,114,103,78,143,181,0,20,97,0,34,9,0,,0,0,5,1,4,2,0,0,1,0,,0,109
2012,neurology,NEU4,Epileptology: Complex Diagnostics,14,0,2,12,0,0,0,8,0,0,0,0,0,74,0,1,0,0,0,,0,0,0,0,0,0,0,0,0,0,,441,0
2012,neurology,NEU4.1,Epileptology: Complex Treatment,10,0,1,10,0,0,0,0,0,0,0,0,0,2,0,0,0,0,0,,0,0,0,0,0,0,0,0,0,0,,229,0
2012,Ophthalmologie,AUG1,Ophthalmologie,229,68,15,8,11,0,0,2,5,0,7,2,0,6,3,0,1,2,0,,0,1,0,0,25,1,0,0,0,0,,0,1
2012,Ophthalmologie,AUG1.1,strabology,93,0,0,1,0,0,0,0,0,0,0,0,0,1,0,0,0,0,0,,0,0,0,0,0,0,0,0,0,0,,0,0
2012,Ophthalmologie,AUG1.2,"orbit, eyelids, tear ducts",9,0,0,1,0,0,0,0,0,0,0,0,0,0,0,0,0,0,0,,0,0,0,0,0,0,0,0,0,0,,0,0
2012,Ophthalmologie,AUG1.3,Specialized anterior segment surgery (including glaucoma),37,4,1,12,0,1,0,0,1,0,0,0,0,0,0,0,0,0,1,,0,0,0,0,0,0,14,0,0,24,,0,4
2012,Ophthalmologie,AUG1.4,cataract,42,0,3,0,0,0,0,0,0,0,0,0,0,0,0,0,0,0,0,,0,0,0,0,0,0,0,0,0,0,,0,0
2012,Ophthalmologie,AUG1.5,vitreous and retinal problems,92,66,41,2,0,0,0,0,0,0,0,0,0,1,0,0,0,0,0,,0,0,0,0,42,0,0,0,0,0,,0,0
2012,Ophthalmologie,AUG1.6,Cataract,380,721,561,216,0,3,0,20,0,109,0,0,0,2,11,0,0,0,19,,0,3,0,0,187,0,151,63,0,0,,0,0
2012,Ophthalmologie,AUG1.7,Vitreous Body/Rodent Retina Problems,531,1,84,0,0,0,1,0,0,0,0,0,0,0,0,0,0,0,8,,0,0,0,0,54,0,0,0,0,0,,0,0
2012,endocrinology,END1,endocrinology,127,56,55,17,36,1,35,33,29,30,40,50,2,39,30,6,7,4,0,,0,0,3,1,12,6,4,1,2,0,,1,42
2012,gastroenterology,GAE1,gastroenterology,640,578,659,508,258,1,370,288,313,256,312,559,0,85,348,4,68,54,0,,0,0,1,0,97,28,0,0,14,0,,0,283
2012,gastroenterology,GAE1.1,Specialized Gastroenterology,165,149,100,96,24,0,42,36,42,54,100,99,0,0,55,0,12,2,0,,0,0,0,0,14,12,0,0,0,0,,0,26
2012,visceral surgery,VIS1,visceral surgery,356,223,181,294,20,4,50,114,36,22,93,89,0,92,49,0,11,0,0,,1,1,0,0,88,32,7,2,57,0,,0,102
2012,visceral surgery,VIS1.1,pancreatectomy in adults (IVHSM),41,20,22,24,0,0,1,1,1,0,2,0,0,0,2,0,0,0,0,,0,0,0,0,20,0,0,0,0,0,,0,2
2012,visceral surgery,VIS1.2,liver resection in adults (IVHSM),106,10,40,25,0,0,0,1,0,1,3,1,0,0,3,0,0,1,0,,0,0,0,0,22,1,0,0,0,0,,0,7
2012,visceral surgery,VIS1.3,esophagectomy in adults (IVHSM),40,8,15,17,0,0,0,1,0,1,1,0,0,5,1,0,0,0,0,,0,0,0,0,4,0,0,0,0,0,,0,4
2012,visceral surgery,VIS1.4,Bariatric surgery,128,1,33,110,0,0,0,156,0,0,88,21,0,0,0,0,1,0,0,,0,0,0,0,0,0,0,0,78,0,,0,21
2012,visceral surgery,VIS1.5,Deep Rectal Resection in Adults (IVHSM),31,21,40,30,3,0,11,12,10,8,6,8,0,4,6,0,0,0,0,,0,0,0,0,10,2,0,0,2,0,,0,17
2012,hematology,HAE1,Aggressive Lymphome und akute Leuk?ien,154,9,32,9,6,0,5,3,6,5,5,3,0,217,4,0,0,10,0,,0,0,0,0,4,0,0,0,0,0,,0,8
2012,hematology,HAE1.1,Highly aggressive lymphomas and acute leukemias,132,0,3,0,0,0,0,0,0,0,0,0,0,30,0,0,0,0,0,,0,0,0,0,2,0,0,0,0,0,,0,0
2012,hematology,HAE2,Indolent lymphomas and chronic leukemias,460,126,98,55,38,2,54,70,45,28,48,41,1,17,49,3,13,30,0,,0,0,4,0,54,16,0,0,2,0,,0,38
2012,hematology,HAE3,Myelodysplastische Syndrome,17,12,19,4,5,0,13,1,6,8,8,10,0,4,8,0,2,1,0,,0,0,3,0,4,2,0,0,0,0,,0,13
2012,hematology,HAE4,Autologous blood stem cell transplantation,69,0,7,0,0,0,0,0,1,0,0,0,0,2,0,0,0,0,0,,0,0,0,0,0,6,0,0,0,0,,0,0
2012,hematology,HAE5,Allogeneic hematopoietic stem cell transplantation in adults (IVHSM),55,0,0,0,0,0,0,0,0,2,0,0,36,26,0,0,0,0,0,,0,0,0,0,1,1,0,0,0,0,,0,0
2012,vessels,GEF1,vascular surgery peripheral vessels (arterial),152,93,72,59,16,3,0,19,0,11,12,13,0,6,1,8,0,0,0,,0,0,0,0,40,15,0,0,0,0,,0,16
2012,Angiology,ANG1,interventions peripheral vessels (arterial),367,246,65,75,5,0,0,35,3,14,19,94,0,1,36,2,2,0,1,,0,0,0,0,45,22,0,0,0,0,,0,23
2012,vessels,GEF2,Vascular Surgery of Intra-abdominal Vessels,80,37,31,27,4,0,3,8,2,1,4,4,0,11,2,1,1,0,0,,0,0,0,0,24,1,0,0,1,0,,0,5
2012,Angiology,ANG2,Intra-abdominal Vascular Intervention,362,130,45,89,0,0,0,16,1,0,0,50,0,5,1,0,0,0,0,,0,0,0,0,73,1,0,0,0,0,,0,11
2012,vessels,GEF3,vascular surgery carotid,67,29,36,59,16,0,1,10,0,0,2,0,0,1,0,0,0,0,0,,0,0,0,0,15,4,0,0,0,0,,0,10
2012,Angiology,ANG3,Interventions carotid and extracranial vessels,118,17,26,13,0,0,1,0,0,0,0,1,0,0,0,0,0,0,0,,0,0,0,0,9,0,0,0,0,0,,0,0
2012,vessels,GEF4,Vascular surgery intracranial vessels,48,2,0,20,0,0,0,0,0,0,0,0,0,7,0,0,0,0,0,,0,0,0,0,2,0,0,0,0,0,,0,0
2012,Angiology,ANG4,Intracranial Vascular Intervention,181,1,1,51,0,0,0,1,0,0,0,0,0,1,0,0,0,0,0,,0,0,0,0,0,0,0,0,0,0,,0,0
2012,Radiology,RAD1,Interventional Radiology,87,245,33,24,5,0,3,14,6,2,6,15,0,4,13,0,2,0,0,,0,0,0,0,13,1,0,0,0,0,,0,10
2012,Heart,HER1,Simple heart surgery,16,2,12,8,0,0,2,0,0,1,0,2,0,3,0,0,0,0,0,,0,0,0,0,3,1,0,0,0,0,,0,2
2012,Heart,HER1.1,Cardiac surgery and vascular interventions with heart-lung machine,513,5,167,212,0,0,1,0,2,2,0,2,0,131,0,0,0,0,0,,0,0,0,0,82,0,0,0,0,0,,0,1
2012,Heart,HER1.1.1,coronary artery surgery (CABG),438,0,274,330,0,0,0,0,0,0,0,0,0,1,0,0,0,0,0,,0,0,0,0,71,0,0,0,0,0,,0,0
2012,Heart,HER1.1.2,Complex Congenital Cardiac Surgery/Cardiology (including surgery as a child),0,0,0,0,0,0,0,0,0,0,0,0,0,141,0,0,0,0,0,,0,0,0,0,0,0,0,0,0,0,,0,0
2012,Cardiology,KAR1,Cardiology and Devices,135,92,140,148,17,0,34,37,20,3,35,59,0,12,13,0,0,0,0,,0,0,0,0,100,0,0,0,2,0,,0,37
2012,Cardiology,KAR1.1,Interventional Cardiology (Coronary Procedures),1 707,579,1 721,1 264,3,0,19,35,28,4,22,16,1,51,3,1,2,1,0,,0,0,0,0,918,1,0,0,0,0,,0,19
2012,Cardiology,KAR1.1.1,Interventional Cardiology (Special Procedures),428,8,199,144,0,0,0,1,1,0,0,0,0,124,0,0,0,0,0,,0,0,0,0,320,0,0,0,0,0,,0,0
2012,Cardiology,KAR1.2,Electrophysiology (Ablation),140,0,62,111,0,0,0,1,0,0,0,2,0,25,0,0,0,0,0,,0,0,0,0,338,0,0,0,0,0,,0,1
2012,Cardiology,KAR1.3,Implantable Cardioverter Defibrillator / CRT,143,21,73,41,0,0,0,2,1,1,2,2,0,7,0,0,0,0,0,,0,0,0,0,66,0,0,0,0,0,,0,1
2012,Nephrologie,NEP1,nephrology (kidney failure),204,88,35,7,9,0,35,40,15,67,18,165,0,19,19,2,0,0,0,,0,0,2,0,38,0,0,0,0,0,,0,49
2012,urology,URO1,Urology without specialization 'Operative Urology',1 618,1 079,1 072,729,131,316,480,570,231,191,548,44,0,143,245,1,16,70,0,,415,7,0,0,273,295,2,0,99,0,,0,284
2012,urology,URO1.1,Urology with a focus on 'Operative Urology',136,69,67,78,13,43,15,41,19,23,60,11,0,65,27,0,0,2,0,,17,0,0,0,24,28,15,0,10,0,,0,36
2012,urology,URO1.1.1,Radical prostatectomy,109,84,9,127,4,15,28,17,3,0,30,0,0,0,21,0,0,0,0,,25,0,0,0,23,21,0,0,5,0,,0,33
2012,urology,URO1.1.2,Radical and simple cystectomy (IVHSM),41,10,13,11,0,0,0,4,0,0,0,0,0,4,16,0,0,0,0,,0,0,0,0,2,0,0,0,2,0,,0,6
2012,urology,URO1.1.3,Complex kidney surgery (tumor nephrectomy and partial kidney dissection),57,26,25,35,0,0,10,7,9,0,16,1,0,13,17,0,0,0,0,,0,0,0,0,6,9,0,0,2,0,,0,8
2012,urology,URO1.1.4,Isolated adrenalectomy,13,5,4,5,0,0,1,1,0,0,0,1,0,2,2,0,0,0,0,,0,0,0,0,1,0,0,0,1,0,,0,5
2012,urology,URO1.1.5,Plastic Reconstruction of the Pyeloureteral Junction,23,5,3,3,0,1,1,1,0,0,4,0,0,30,1,0,0,0,0,,0,0,0,0,1,0,0,0,1,0,,0,2
2012,urology,URO1.1.6,Plastic Reconstruction of the Urethra,24,4,1,6,0,0,0,1,0,0,0,0,0,54,1,0,0,0,0,,2,0,0,0,0,0,0,0,0,0,,0,0
2012,urology,URO1.1.7,Implantation of an artificial bladder sphincter,12,9,0,10,0,0,0,0,0,0,0,0,0,0,0,0,0,0,0,,0,0,0,0,0,0,0,0,0,0,,0,0
2012,urology,URO1.1.8,Percutaneous nephrostomy with disintegration of stone material,14,12,6,0,0,0,0,0,9,2,2,0,0,0,1,0,0,0,0,,0,0,0,0,0,0,0,0,0,0,,0,0
2012,Pneumologie,PNE1,Pneumologie,804,880,450,139,128,0,201,310,350,86,192,276,0,221,269,2,112,14,0,,0,0,6,0,22,17,0,0,3,0,,10,113
2012,Pneumologie,PNE1.1,Pneumology with specific ventilation therapy,23,7,3,0,0,0,1,0,2,0,2,12,0,2,1,0,0,0,0,,0,0,0,0,0,0,0,0,2,0,,0,2
2012,Pneumologie,PNE1.2,Assessment or status after lung transplantation,123,0,0,0,0,0,0,0,0,0,0,0,0,0,0,0,0,0,0,,0,0,0,0,0,0,0,0,0,0,,0,0
2012,Pneumologie,PNE1.3,cystic fibrosis,90,7,29,0,0,0,0,0,0,0,2,0,0,23,5,0,2,0,0,,0,0,0,0,0,0,0,0,0,0,,0,1
2012,Pneumologie,PNE2,Polysomnographie,7,0,1,0,0,0,5,0,1,0,5,2,0,30,0,0,0,0,0,,0,0,0,0,0,0,0,0,0,0,,2,0
2012,Thoraxchirurgie,THO1,Thoraxchirurgie,94,12,29,27,0,0,1,2,1,1,1,7,0,11,0,0,0,0,0,,0,0,0,0,1,1,1,0,0,0,,0,3
2012,Thoraxchirurgie,THO1.1,Malignant neoplasms of the respiratory system (curative resection by lobectomy and pneumonectomy),119,37,41,46,0,0,0,0,0,1,1,1,0,0,2,0,0,0,0,,0,0,0,0,6,0,0,0,0,0,,0,0
2012,Thoraxchirurgie,THO1.2,mediastinal interventions,45,6,14,9,0,0,0,0,0,0,1,0,0,2,0,0,0,0,0,,0,0,0,0,2,2,0,0,1,0,,0,3
2012,transplants,TPL1,heart transplants (IVHSM),549,0,0,1,0,0,0,0,0,0,0,0,0,16,0,0,0,0,0,,0,0,0,0,1,0,0,0,0,0,,0,0
2012,musculoskeletal system surgically,BEW1,surgery musculoskeletal system,552,676,269,456,115,176,213,210,250,221,145,169,1 577,251,101,1 105,75,12,16,,2,11,0,0,289,66,45,25,43,0,,0,159
2012,musculoskeletal system surgically,BEW2,orthopedics,125,156,55,115,17,170,49,64,52,121,39,54,284,137,44,179,22,7,0,,2,9,1,2,66,36,83,49,27,0,,0,29
2012,musculoskeletal system surgically,BEW3,hand surgery,174,137,70,68,38,28,67,124,89,17,26,35,181,49,128,83,8,1,1,,7,1,0,0,169,106,35,9,6,0,,0,41
2012,musculoskeletal system surgically,BEW4,Arthroscopy of the shoulder and elbow,8,13,2,30,4,6,21,3,14,0,4,24,150,0,2,83,2,1,1,,0,0,0,0,53,6,0,1,3,0,,0,8
2012,musculoskeletal system surgically,BEW5,arthroscopy of the knee,97,170,180,1 010,103,554,316,222,83,115,72,199,611,24,165,311,159,18,35,,0,33,0,0,427,303,2,1,160,0,,0,52
2012,musculoskeletal system surgically,BEW6,upper extremity reconstruction,17,179,38,280,23,231,109,101,62,17,67,209,1 192,1,47,632,47,9,7,,0,0,0,0,253,114,66,54,71,0,,0,48
2012,musculoskeletal system surgically,BEW7,lower extremity reconstruction,44,755,191,495,55,587,294,254,334,204,339,104,1 858,20,201,727,128,1,2,,0,10,0,0,234,293,4,3,146,0,,0,206
2012,musculoskeletal system surgically,BEW8,spinal surgery,224,594,258,521,15,265,1,0,0,433,4,4,1 054,25,18,754,0,0,1,,0,0,0,0,203,270,10,14,66,0,,0,4
2012,musculoskeletal system surgically,BEW8.1,Specialized spine surgery,54,57,22,36,1,4,0,0,0,107,0,0,143,16,4,86,0,0,0,,0,0,0,0,20,14,2,0,3,0,,0,0
2012,musculoskeletal system surgically,BEW9,tumors of the musculoskeletal system,2,1,2,3,0,4,1,0,0,2,0,0,9,3,0,24,0,0,0,,0,0,0,0,3,1,0,0,0,0,,0,1
2012,musculoskeletal system surgically,BEW10,plexus surgery,14,1,0,40,0,3,0,0,0,0,0,1,3,2,0,14,1,0,0,,0,0,0,0,19,0,0,1,0,0,,0,4
2012,musculoskeletal system surgically,BEW11,Replantationen,9,8,0,0,0,0,0,0,0,0,0,0,0,1,0,1,0,0,0,,0,0,0,0,0,0,0,0,0,0,,0,1
2012,rheumatology,RHE1,rheumatology,297,191,126,44,29,26,44,51,49,31,59,61,43,52,29,195,23,6,1,,0,0,6,1,15,20,50,28,12,0,,0,65
2012,rheumatology,RHE2,Interdisciplinary Rheumatology,55,12,5,2,2,0,0,5,5,1,3,1,0,13,4,0,0,0,0,,0,0,0,0,1,0,0,0,0,0,,0,3
2012,gynecology,GYN1,gynecology,992,566,462,635,143,165,224,262,138,227,439,10,0,22,214,0,48,62,13,,0,0,0,0,338,282,18,0,73,0,,0,232
2012,gynecology,GYN1.1,Malignant neoplasms of the vulva and vagina,14,0,2,4,0,0,0,2,0,1,3,0,0,0,1,0,0,0,0,,0,0,0,0,1,2,0,0,0,0,,0,0
2012,gynecology,GYN1.2,Malignant neoplasms of the cervix,10,1,1,7,1,0,0,1,0,1,3,0,0,0,0,0,0,0,0,,0,0,0,0,0,1,0,0,0,0,,0,0
2012,gynecology,GYN1.3,Malignant neoplasms of the corpus uteri,62,42,46,34,7,1,13,12,10,10,25,2,0,0,13,2,2,5,0,,0,0,0,0,8,4,0,0,2,0,,0,20
2012,gynecology,GYN1.4,Malignant neoplasms of the ovary,30,8,8,10,1,1,4,2,1,4,2,0,0,0,0,0,1,0,0,,0,0,0,0,1,3,0,0,1,0,,0,6
2012,gynecology,GYN2,Recognized certified breast center,284,150,118,322,20,48,32,60,51,102,87,0,0,0,55,0,13,50,112,,0,0,0,0,47,107,71,8,31,4,,0,102
2012,Procedures Related to Transsexuality,PLC1,Interventions related to transsexuality,16,0,0,0,0,0,0,0,0,0,0,0,0,0,0,0,0,0,0,,0,0,0,0,0,0,0,0,0,0,,0,0
2012,obstetrics,GEB1,Basic obstetric care (from 34 weeks of pregnancy and >= 2000g),3 540,2 001,2 159,1 267,725,3,1 076,1 199,1 492,1 774,1 198,0,0,0,574,0,386,508,0,,0,0,0,0,620,445,0,0,243,0,,0,884
2012,obstetrics,GEB1.1,Obstetrics (from 32 weeks of pregnancy and >= 1250g),156,23,13,3,1,0,4,2,8,6,3,0,0,0,1,0,0,2,0,,0,0,0,0,0,2,0,0,0,0,,0,8
2012,obstetrics,GEB1.1.1,Specialized Obstetrics,61,7,5,1,1,0,1,2,2,1,3,0,0,0,0,0,0,0,0,,0,0,0,0,0,0,0,0,0,0,,0,4
2012,newborns,NEO1,Basic care for newborns (from GA 35 0/7 weeks of pregnancy and GG 2000g),2 361,1 578,1 892,320,544,0,874,529,1 334,1 630,813,0,0,110,447,0,360,460,0,,0,0,0,0,73,363,0,0,215,0,,0,661
2012,newborns,NEO1.1,Neonatology (from GA 32 0/7 weeks of pregnancy and GG 1250g),138,19,41,4,1,0,3,1,9,19,1,0,0,15,1,0,1,1,0,,0,0,0,0,4,1,0,0,5,0,,0,1
2012,newborns,NEO1.1.1,Specialized Neonatology (from GA 28 0/7 weeks of pregnancy and GG 1000g) valid from 01.10.2024,254,160,14,1,1,0,6,5,33,10,8,0,0,127,1,0,2,3,0,,0,0,0,0,1,1,0,0,0,0,,0,6
2012,(radio) oncology,ONK1,oncology,264,270,137,88,8,0,40,25,5,7,33,19,0,152,10,0,5,47,0,,0,0,1,0,30,31,0,0,6,0,,0,3
2012,Radio-Oncology,RAO1,radiation oncology,294,160,282,51,0,0,0,2,0,9,0,0,0,2,0,0,0,0,0,,0,0,0,0,1,0,0,0,0,0,,0,0
2012,Nuclear Medicine,NUK1,nuclear medicine,192,116,88,6,2,0,5,1,1,1,7,2,1,1,0,0,0,0,0,,0,0,0,0,0,1,0,0,0,0,,0,0
2012,Serious injuries,UNF1,trauma surgery (polytrauma),120,41,20,5,5,0,2,7,11,1,5,3,0,7,4,0,0,0,0,,0,0,0,0,0,0,0,0,0,0,,0,9
2012,Serious injuries,UNF1.1,Specialized trauma surgery (traumatic brain injury),22,7,0,0,0,0,0,0,0,0,0,0,0,1,0,0,0,0,0,,0,0,0,0,0,0,0,0,0,0,,0,0
2012,Serious injuries,UNF2,Treatment of Severe Burns in Adults (IVHSM),34,0,0,0,0,0,0,3,0,0,1,0,0,7,0,0,0,0,0,,0,0,0,0,0,0,0,0,0,0,,0,0
